{"v":"5.7.5","fr":60,"ip":0,"op":244,"w":1080,"h":1080,"nm":"SC01","ddd":0,"assets":[],"layers":[{"ddd":0,"ind":1,"ty":4,"nm":"Check","parent":19,"sr":1,"ks":{"o":{"a":0,"k":100,"ix":11},"r":{"a":0,"k":-3.159,"ix":10},"p":{"a":0,"k":[8.543,-58.777,0],"ix":2,"l":2},"a":{"a":0,"k":[0,0,0],"ix":1,"l":2},"s":{"a":0,"k":[100,100,100],"ix":6,"l":2}},"ao":0,"hasMask":true,"masksProperties":[{"inv":false,"mode":"n","pt":{"a":0,"k":{"i":[[0,0],[0,0],[0,0]],"o":[[0,0],[0,0],[0,0]],"v":[[-41.092,22.293],[-10.466,53.471],[57.699,-14.806]],"c":false},"ix":1},"o":{"a":0,"k":100,"ix":3},"x":{"a":0,"k":0,"ix":4},"nm":"Mask 1"}],"shapes":[{"ty":"gr","it":[{"ty":"gr","it":[{"ty":"rc","d":1,"s":{"a":0,"k":[286,286],"ix":2},"p":{"a":0,"k":[0,0],"ix":3},"r":{"a":0,"k":0,"ix":4},"nm":"Rectangle Path 1","mn":"ADBE Vector Shape - Rect","hd":false},{"ty":"tr","p":{"a":0,"k":[1,0],"ix":2},"a":{"a":0,"k":[0,0],"ix":1},"s":{"a":0,"k":[100,100],"ix":3},"r":{"a":0,"k":0,"ix":6},"o":{"a":0,"k":100,"ix":7},"sk":{"a":0,"k":0,"ix":4},"sa":{"a":0,"k":0,"ix":5},"nm":"Transform"}],"nm":"Rectangle 1","np":1,"cix":2,"bm":0,"ix":1,"mn":"ADBE Vector Group","hd":false},{"ty":"gr","it":[{"ty":"gr","it":[{"ty":"gr","it":[{"ind":0,"ty":"sh","ix":1,"ks":{"k":[{"s":[{"i":[[0,0],[0,0],[0,0]],"o":[[0,0],[0,0],[0,0]],"v":[[-41.092,22.293],[-10.466,53.471],[57.699,-14.806]],"c":false}],"t":134.134134134134,"i":{"x":1,"y":1},"o":{"x":0,"y":0}},{"s":[{"i":[[0,0],[0,0],[0,0]],"o":[[0,0],[0,0],[0,0]],"v":[[-41.092,22.293],[-10.466,53.471],[57.699,-14.806]],"c":false}],"t":243.134134134134,"i":{"x":1,"y":1},"o":{"x":0,"y":0}}]},"nm":"Path 1","mn":"ADBE Vector Shape - Group","hd":false},{"ty":"tm","s":{"a":1,"k":[{"i":{"x":[0.667],"y":[1]},"o":{"x":[0.333],"y":[0]},"t":719.134,"s":[0]},{"t":733.132181009134,"s":[100]}],"ix":1},"e":{"a":1,"k":[{"i":{"x":[0.667],"y":[1]},"o":{"x":[0.333],"y":[0]},"t":134.134,"s":[0]},{"t":156.134134134134,"s":[100]}],"ix":2},"o":{"a":0,"k":0,"ix":3},"m":1,"ix":2,"nm":"Trim Paths 1","mn":"ADBE Vector Filter - Trim","hd":false},{"ty":"tr","p":{"a":0,"k":[0,0],"ix":2},"a":{"a":0,"k":[0,0],"ix":1},"s":{"a":0,"k":[100,100],"ix":3},"r":{"a":0,"k":0,"ix":6},"o":{"a":0,"k":100,"ix":7},"sk":{"a":0,"k":0,"ix":4},"sa":{"a":0,"k":0,"ix":5},"nm":"Transform"}],"nm":"1 O","np":2,"cix":2,"bm":0,"ix":1,"mn":"ADBE Vector Group","hd":false},{"ty":"tr","p":{"a":0,"k":[1.324,0.353],"ix":2},"a":{"a":0,"k":[1.324,0.353],"ix":1},"s":{"a":0,"k":[100,100],"ix":3},"r":{"a":0,"k":0,"ix":6},"o":{"a":0,"k":100,"ix":7},"sk":{"a":0,"k":0,"ix":4},"sa":{"a":0,"k":0,"ix":5},"nm":"Transform"}],"nm":"Group 2","np":1,"cix":2,"bm":0,"ix":1,"mn":"ADBE Vector Group","hd":false},{"ty":"st","c":{"k":[{"s":[0.992,0.718,0.098,1],"t":134.134134134134,"i":{"x":[1],"y":[1]},"o":{"x":[0],"y":[0]}},{"s":[0.992,0.718,0.098,1],"t":243.134134134134,"i":{"x":[1],"y":[1]},"o":{"x":[0],"y":[0]}}]},"o":{"k":[{"s":[100],"t":134.134134134134,"i":{"x":[1],"y":[1]},"o":{"x":[0],"y":[0]}},{"s":[100],"t":243.134134134134,"i":{"x":[1],"y":[1]},"o":{"x":[0],"y":[0]}}]},"w":{"k":[{"s":[8.9],"t":134.134134134134,"i":{"x":[1],"y":[1]},"o":{"x":[0],"y":[0]}},{"s":[8.9],"t":243.134134134134,"i":{"x":[1],"y":[1]},"o":{"x":[0],"y":[0]}}]},"lc":1,"lj":1,"ml":4,"bm":0,"nm":"Stroke 2","mn":"ADBE Vector Graphic - Stroke","hd":false},{"ty":"st","c":{"k":[{"s":[0.992,0.718,0.098,1],"t":134.134134134134,"i":{"x":[1],"y":[1]},"o":{"x":[0],"y":[0]}},{"s":[0.992,0.718,0.098,1],"t":243.134134134134,"i":{"x":[1],"y":[1]},"o":{"x":[0],"y":[0]}}]},"o":{"k":[{"s":[100],"t":134.134134134134,"i":{"x":[1],"y":[1]},"o":{"x":[0],"y":[0]}},{"s":[100],"t":243.134134134134,"i":{"x":[1],"y":[1]},"o":{"x":[0],"y":[0]}}]},"w":{"k":[{"s":[8.9],"t":134.134134134134,"i":{"x":[1],"y":[1]},"o":{"x":[0],"y":[0]}},{"s":[8.9],"t":243.134134134134,"i":{"x":[1],"y":[1]},"o":{"x":[0],"y":[0]}}]},"lc":2,"lj":1,"ml":4,"bm":0,"nm":"Stroke 3","mn":"ADBE Vector Graphic - Stroke","hd":false},{"ty":"tr","p":{"a":0,"k":[0,0],"ix":2},"a":{"a":0,"k":[0,0],"ix":1},"s":{"a":0,"k":[100,100],"ix":3},"r":{"a":0,"k":0,"ix":6},"o":{"a":0,"k":100,"ix":7},"sk":{"a":0,"k":0,"ix":4},"sa":{"a":0,"k":0,"ix":5},"nm":"Transform"}],"nm":"Check","np":3,"cix":2,"bm":0,"ix":2,"mn":"ADBE Vector Group","hd":false},{"ty":"tr","p":{"a":0,"k":[1,0],"ix":2},"a":{"a":0,"k":[1,0],"ix":1},"s":{"a":0,"k":[100,100],"ix":3},"r":{"a":0,"k":0,"ix":6},"o":{"a":0,"k":100,"ix":7},"sk":{"a":0,"k":0,"ix":4},"sa":{"a":0,"k":0,"ix":5},"nm":"Transform"}],"nm":"Front","np":2,"cix":2,"bm":0,"ix":1,"mn":"ADBE Vector Group","hd":false},{"ty":"gr","it":[{"ty":"gr","it":[{"ty":"rc","d":1,"s":{"a":0,"k":[286,286],"ix":2},"p":{"a":0,"k":[0,0],"ix":3},"r":{"a":0,"k":0,"ix":4},"nm":"Rectangle Path 1","mn":"ADBE Vector Shape - Rect","hd":false},{"ty":"tr","p":{"a":0,"k":[1,0],"ix":2},"a":{"a":0,"k":[0,0],"ix":1},"s":{"a":0,"k":[100,100],"ix":3},"r":{"a":0,"k":0,"ix":6},"o":{"a":0,"k":100,"ix":7},"sk":{"a":0,"k":0,"ix":4},"sa":{"a":0,"k":0,"ix":5},"nm":"Transform"}],"nm":"Rectangle 1","np":1,"cix":2,"bm":0,"ix":1,"mn":"ADBE Vector Group","hd":false},{"ty":"gr","it":[{"ty":"gr","it":[{"ty":"gr","it":[{"ind":0,"ty":"sh","ix":1,"ks":{"k":[{"s":[{"i":[[0,0],[0,0],[0,0]],"o":[[0,0],[0,0],[0,0]],"v":[[-41.092,22.293],[-10.466,53.471],[57.699,-14.806]],"c":false}],"t":134.134134134134,"i":{"x":1,"y":1},"o":{"x":0,"y":0}},{"s":[{"i":[[0,0],[0,0],[0,0]],"o":[[0,0],[0,0],[0,0]],"v":[[-41.092,22.293],[-10.466,53.471],[57.699,-14.806]],"c":false}],"t":243.134134134134,"i":{"x":1,"y":1},"o":{"x":0,"y":0}}]},"nm":"Path 1","mn":"ADBE Vector Shape - Group","hd":false},{"ty":"tm","s":{"a":1,"k":[{"i":{"x":[0.667],"y":[1]},"o":{"x":[0.333],"y":[0]},"t":719.134,"s":[0]},{"t":733.132181009134,"s":[100]}],"ix":1},"e":{"a":1,"k":[{"i":{"x":[0.667],"y":[1]},"o":{"x":[0.333],"y":[0]},"t":134.134,"s":[0]},{"t":156.134134134134,"s":[100]}],"ix":2},"o":{"a":0,"k":0,"ix":3},"m":1,"ix":2,"nm":"Trim Paths 1","mn":"ADBE Vector Filter - Trim","hd":false},{"ty":"tr","p":{"a":0,"k":[0,0],"ix":2},"a":{"a":0,"k":[0,0],"ix":1},"s":{"a":0,"k":[100,100],"ix":3},"r":{"a":0,"k":0,"ix":6},"o":{"a":0,"k":100,"ix":7},"sk":{"a":0,"k":0,"ix":4},"sa":{"a":0,"k":0,"ix":5},"nm":"Transform"}],"nm":"1 O","np":2,"cix":2,"bm":0,"ix":1,"mn":"ADBE Vector Group","hd":false},{"ty":"tr","p":{"a":0,"k":[1.324,0.353],"ix":2},"a":{"a":0,"k":[1.324,0.353],"ix":1},"s":{"a":0,"k":[100,100],"ix":3},"r":{"a":0,"k":0,"ix":6},"o":{"a":0,"k":100,"ix":7},"sk":{"a":0,"k":0,"ix":4},"sa":{"a":0,"k":0,"ix":5},"nm":"Transform"}],"nm":"Group 2","np":1,"cix":2,"bm":0,"ix":1,"mn":"ADBE Vector Group","hd":false},{"ty":"st","c":{"k":[{"s":[0.892,0.642,0.085,1],"t":134.134134134134,"i":{"x":[1],"y":[1]},"o":{"x":[0],"y":[0]}},{"s":[0.892,0.642,0.085,1],"t":243.134134134134,"i":{"x":[1],"y":[1]},"o":{"x":[0],"y":[0]}}]},"o":{"k":[{"s":[100],"t":134.134134134134,"i":{"x":[1],"y":[1]},"o":{"x":[0],"y":[0]}},{"s":[100],"t":243.134134134134,"i":{"x":[1],"y":[1]},"o":{"x":[0],"y":[0]}}]},"w":{"k":[{"s":[8.9],"t":134.134134134134,"i":{"x":[1],"y":[1]},"o":{"x":[0],"y":[0]}},{"s":[8.9],"t":243.134134134134,"i":{"x":[1],"y":[1]},"o":{"x":[0],"y":[0]}}]},"lc":1,"lj":1,"ml":4,"bm":0,"nm":"Stroke 2","mn":"ADBE Vector Graphic - Stroke","hd":false},{"ty":"st","c":{"k":[{"s":[0.892,0.642,0.085,1],"t":134.134134134134,"i":{"x":[1],"y":[1]},"o":{"x":[0],"y":[0]}},{"s":[0.892,0.642,0.085,1],"t":243.134134134134,"i":{"x":[1],"y":[1]},"o":{"x":[0],"y":[0]}}]},"o":{"k":[{"s":[100],"t":134.134134134134,"i":{"x":[1],"y":[1]},"o":{"x":[0],"y":[0]}},{"s":[100],"t":243.134134134134,"i":{"x":[1],"y":[1]},"o":{"x":[0],"y":[0]}}]},"w":{"k":[{"s":[8.9],"t":134.134134134134,"i":{"x":[1],"y":[1]},"o":{"x":[0],"y":[0]}},{"s":[8.9],"t":243.134134134134,"i":{"x":[1],"y":[1]},"o":{"x":[0],"y":[0]}}]},"lc":2,"lj":1,"ml":4,"bm":0,"nm":"Stroke 3","mn":"ADBE Vector Graphic - Stroke","hd":false},{"ty":"tr","p":{"a":0,"k":[0,0],"ix":2},"a":{"a":0,"k":[0,0],"ix":1},"s":{"a":0,"k":[100,100],"ix":3},"r":{"a":0,"k":0,"ix":6},"o":{"a":0,"k":100,"ix":7},"sk":{"a":0,"k":0,"ix":4},"sa":{"a":0,"k":0,"ix":5},"nm":"Transform"}],"nm":"Check","np":3,"cix":2,"bm":0,"ix":2,"mn":"ADBE Vector Group","hd":false},{"ty":"rp","c":{"a":0,"k":1,"ix":1},"o":{"a":0,"k":1,"ix":2},"m":1,"ix":3,"tr":{"ty":"tr","p":{"a":0,"k":[0,0],"ix":2},"a":{"a":0,"k":[0,0],"ix":1},"s":{"a":0,"k":[100,100],"ix":3},"r":{"a":0,"k":0,"ix":4},"so":{"a":0,"k":100,"ix":5},"eo":{"a":0,"k":100,"ix":6},"nm":"Transform"},"nm":"Repeater 1","mn":"ADBE Vector Filter - Repeater","hd":false},{"ty":"tr","p":{"a":0,"k":[1,0],"ix":2},"a":{"a":0,"k":[1,0],"ix":1},"s":{"a":0,"k":[100,100],"ix":3},"r":{"a":0,"k":0,"ix":6},"o":{"a":0,"k":100,"ix":7},"sk":{"a":0,"k":0,"ix":4},"sa":{"a":0,"k":0,"ix":5},"nm":"Transform"}],"nm":"Extrude","np":3,"cix":2,"bm":0,"ix":2,"mn":"ADBE Vector Group","hd":false}],"ip":134.134134134134,"op":300.3003003003,"st":134.134134134134,"bm":0},{"ddd":0,"ind":2,"ty":4,"nm":"ELEMENT","sr":1,"ks":{"o":{"a":0,"k":100,"ix":11},"r":{"a":0,"k":12,"ix":10},"p":{"a":0,"k":[457,572,0],"ix":2,"l":2},"a":{"a":0,"k":[0,0,0],"ix":1,"l":2},"s":{"a":0,"k":[100,100,100],"ix":6,"l":2}},"ao":0,"shapes":[{"ty":"gr","it":[{"ty":"gr","it":[{"ty":"gr","it":[{"ind":0,"ty":"sh","ix":1,"ks":{"a":0,"k":{"i":[[0,0],[0,0]],"o":[[0,0],[0,0]],"v":[[-0.027,-0.016],[134.983,-0.03]],"c":false},"ix":2},"nm":"Path 1","mn":"ADBE Vector Shape - Group","hd":false},{"ty":"tr","p":{"a":0,"k":[134.984,0],"ix":2},"a":{"a":0,"k":[134.984,0],"ix":1},"s":{"k":[{"s":[100,100],"t":125.116116116116,"i":{"x":[1,1],"y":[1,1]},"o":{"x":[0,0],"y":[0,0]}},{"s":[100,100],"t":154.116116116116,"i":{"x":[1,1],"y":[1,1]},"o":{"x":[0,0],"y":[0,0]}}]},"r":{"a":0,"k":0,"ix":6},"o":{"a":0,"k":100,"ix":7},"sk":{"a":0,"k":0,"ix":4},"sa":{"a":0,"k":0,"ix":5},"nm":"Transform"}],"nm":"Group 1","np":1,"cix":2,"bm":0,"ix":1,"mn":"ADBE Vector Group","hd":false},{"ty":"st","c":{"k":[{"s":[1,1,1,1],"t":125.116116116116,"i":{"x":[1],"y":[1]},"o":{"x":[0],"y":[0]}},{"s":[1,1,1,1],"t":154.116116116116,"i":{"x":[1],"y":[1]},"o":{"x":[0],"y":[0]}}]},"o":{"k":[{"s":[100],"t":125.116116116116,"i":{"x":[1],"y":[1]},"o":{"x":[0],"y":[0]}},{"s":[100],"t":154.116116116116,"i":{"x":[1],"y":[1]},"o":{"x":[0],"y":[0]}}]},"w":{"k":[{"s":[4.4],"t":125.116116116116,"i":{"x":[1],"y":[1]},"o":{"x":[0],"y":[0]}},{"s":[4.4],"t":154.116116116116,"i":{"x":[1],"y":[1]},"o":{"x":[0],"y":[0]}}]},"lc":2,"lj":1,"ml":4,"bm":0,"nm":"Stroke 2","mn":"ADBE Vector Graphic - Stroke","hd":false},{"ty":"st","c":{"k":[{"s":[1,1,1,1],"t":125.116116116116,"i":{"x":[1],"y":[1]},"o":{"x":[0],"y":[0]}},{"s":[1,1,1,1],"t":154.116116116116,"i":{"x":[1],"y":[1]},"o":{"x":[0],"y":[0]}}]},"o":{"k":[{"s":[100],"t":125.116116116116,"i":{"x":[1],"y":[1]},"o":{"x":[0],"y":[0]}},{"s":[100],"t":154.116116116116,"i":{"x":[1],"y":[1]},"o":{"x":[0],"y":[0]}}]},"w":{"k":[{"s":[4.4],"t":125.116116116116,"i":{"x":[1],"y":[1]},"o":{"x":[0],"y":[0]}},{"s":[4.4],"t":154.116116116116,"i":{"x":[1],"y":[1]},"o":{"x":[0],"y":[0]}}]},"lc":1,"lj":1,"ml":4,"bm":0,"nm":"Stroke 3","mn":"ADBE Vector Graphic - Stroke","hd":false},{"ty":"tm","s":{"a":1,"k":[{"i":{"x":[0.667],"y":[1]},"o":{"x":[0.167],"y":[0.167]},"t":128.116,"s":[0]},{"t":149.114162991116,"s":[100]}],"ix":1},"e":{"a":1,"k":[{"i":{"x":[0.667],"y":[1]},"o":{"x":[0.167],"y":[0.167]},"t":125.116,"s":[0]},{"t":143.116116116116,"s":[100]}],"ix":2},"o":{"a":0,"k":0,"ix":3},"m":1,"ix":4,"nm":"Trim Paths 1","mn":"ADBE Vector Filter - Trim","hd":false},{"ty":"rp","c":{"a":0,"k":8,"ix":1},"o":{"a":0,"k":0,"ix":2},"m":1,"ix":5,"tr":{"ty":"tr","p":{"a":0,"k":[0,0],"ix":2},"a":{"a":0,"k":[0,0],"ix":1},"s":{"a":0,"k":[100,100],"ix":3},"r":{"a":0,"k":45,"ix":4},"so":{"a":0,"k":100,"ix":5},"eo":{"a":0,"k":100,"ix":6},"nm":"Transform"},"nm":"Repeater 1","mn":"ADBE Vector Filter - Repeater","hd":false},{"ty":"tr","p":{"a":0,"k":[0,0],"ix":2},"a":{"a":0,"k":[0,0],"ix":1},"s":{"a":0,"k":[100,100],"ix":3},"r":{"a":0,"k":0,"ix":6},"o":{"a":0,"k":100,"ix":7},"sk":{"a":0,"k":0,"ix":4},"sa":{"a":0,"k":0,"ix":5},"nm":"Transform"}],"nm":"Ray8","np":5,"cix":2,"bm":0,"ix":1,"mn":"ADBE Vector Group","hd":false},{"ty":"tr","p":{"a":0,"k":[86.38,-0.023],"ix":2},"a":{"a":0,"k":[86.38,-0.023],"ix":1},"s":{"a":0,"k":[100,100],"ix":3},"r":{"a":0,"k":0,"ix":6},"o":{"a":0,"k":100,"ix":7},"sk":{"a":0,"k":0,"ix":4},"sa":{"a":0,"k":0,"ix":5},"nm":"Transform"}],"nm":"Front","np":1,"cix":2,"bm":0,"ix":1,"mn":"ADBE Vector Group","hd":false}],"ip":125.116116116116,"op":154.116116116116,"st":125.116116116116,"bm":0},{"ddd":0,"ind":3,"ty":4,"nm":"Layer 1","sr":1,"ks":{"o":{"a":0,"k":100,"ix":11},"r":{"a":0,"k":0,"ix":10},"p":{"a":0,"k":[540,540,0],"ix":2,"l":2},"a":{"a":0,"k":[0,0,0],"ix":1,"l":2},"s":{"a":0,"k":[100,100,100],"ix":6,"l":2}},"ao":0,"shapes":[],"ip":0,"op":300.3003003003,"st":0,"bm":0},{"ddd":0,"ind":4,"ty":4,"nm":"Layer 2","sr":1,"ks":{"o":{"a":0,"k":100,"ix":11},"r":{"a":1,"k":[{"i":{"x":[0.667],"y":[1]},"o":{"x":[0.879],"y":[0]},"t":104.104,"s":[0]},{"i":{"x":[0],"y":[1]},"o":{"x":[0.333],"y":[0]},"t":124.125,"s":[-16]},{"i":{"x":[0.833],"y":[1]},"o":{"x":[0.167],"y":[0]},"t":146.146,"s":[11]},{"t":180.1796875,"s":[0]}],"ix":10},"p":{"a":1,"k":[{"i":{"x":0.173,"y":1},"o":{"x":0.562,"y":0},"t":60.061,"s":[1156,1320,0],"to":[-36,-33.333,0],"ti":[36,26.667,0]},{"i":{"x":0.173,"y":1},"o":{"x":0.333,"y":0},"t":124.125,"s":[940,1120,0],"to":[-36,-26.667,0],"ti":[0,-6.667,0]},{"t":180.1796875,"s":[940,1160,0]}],"ix":2,"l":2},"a":{"a":0,"k":[874.14,1044.528,0],"ix":1,"l":2},"s":{"a":0,"k":[100,100,100],"ix":6,"l":2}},"ao":0,"shapes":[{"ty":"gr","it":[{"ind":0,"ty":"sh","ix":1,"ks":{"a":0,"k":{"i":[[0.133,0],[0.156,0.31],[8.112,0.049],[3.29,-6.387],[0.433,0.227],[-0.224,0.435],[-6.084,-0.004],[-4.605,-9.21],[0.438,-0.219]],"o":[[-0.325,0],[-4.318,-8.637],[-3.795,0.027],[-0.223,0.435],[-0.435,-0.224],[2.887,-5.607],[8.752,0.053],[0.219,0.438],[-0.127,0.063]],"v":[[17.488,8.506],[16.695,8.017],[-4.417,-6.735],[-16.701,0.943],[-17.893,1.324],[-18.275,0.132],[-4.407,-8.506],[18.279,7.225],[17.883,8.413]],"c":true},"ix":2},"nm":"Path 1","mn":"ADBE Vector Shape - Group","hd":false},{"ty":"fl","c":{"a":0,"k":[0.729411780834,0.388235300779,0.286274522543,1],"ix":4},"o":{"a":0,"k":100,"ix":5},"r":1,"bm":0,"nm":"Fill 1","mn":"ADBE Vector Graphic - Fill","hd":false},{"ty":"tr","p":{"a":0,"k":[882.685,647.065],"ix":2},"a":{"a":0,"k":[0,0],"ix":1},"s":{"a":0,"k":[100,100],"ix":3},"r":{"a":0,"k":0,"ix":6},"o":{"a":0,"k":100,"ix":7},"sk":{"a":0,"k":0,"ix":4},"sa":{"a":0,"k":0,"ix":5},"nm":"Transform"}],"nm":"Group 1","np":2,"cix":2,"bm":0,"ix":1,"mn":"ADBE Vector Group","hd":false},{"ty":"gr","it":[{"ind":0,"ty":"sh","ix":1,"ks":{"a":0,"k":{"i":[[0.133,0],[0.156,0.31],[8.113,0.049],[3.29,-6.387],[0.433,0.227],[-0.224,0.435],[-6.084,-0.004],[-4.604,-9.21],[0.438,-0.219]],"o":[[-0.325,0],[-4.318,-8.637],[-3.795,0.027],[-0.223,0.435],[-0.435,-0.224],[2.887,-5.607],[8.752,0.053],[0.219,0.438],[-0.127,0.063]],"v":[[17.488,8.506],[16.695,8.017],[-4.417,-6.736],[-16.701,0.943],[-17.893,1.324],[-18.274,0.132],[-4.407,-8.506],[18.279,7.225],[17.883,8.413]],"c":true},"ix":2},"nm":"Path 1","mn":"ADBE Vector Shape - Group","hd":false},{"ty":"fl","c":{"a":0,"k":[0.729411780834,0.388235300779,0.286274522543,1],"ix":4},"o":{"a":0,"k":100,"ix":5},"r":1,"bm":0,"nm":"Fill 1","mn":"ADBE Vector Graphic - Fill","hd":false},{"ty":"tr","p":{"a":0,"k":[834.281,633.488],"ix":2},"a":{"a":0,"k":[0,0],"ix":1},"s":{"a":0,"k":[100,100],"ix":3},"r":{"a":0,"k":0,"ix":6},"o":{"a":0,"k":100,"ix":7},"sk":{"a":0,"k":0,"ix":4},"sa":{"a":0,"k":0,"ix":5},"nm":"Transform"}],"nm":"Group 2","np":2,"cix":2,"bm":0,"ix":2,"mn":"ADBE Vector Group","hd":false},{"ty":"gr","it":[{"ind":0,"ty":"sh","ix":1,"ks":{"a":0,"k":{"i":[[0.133,0],[0.156,0.31],[8.113,0.049],[3.29,-6.387],[0.433,0.227],[-0.224,0.435],[-6.084,-0.004],[-4.604,-9.21],[0.438,-0.219]],"o":[[-0.325,0],[-4.318,-8.637],[-3.795,0.027],[-0.223,0.435],[-0.435,-0.224],[2.887,-5.608],[8.752,0.053],[0.219,0.438],[-0.127,0.063]],"v":[[17.488,8.506],[16.695,8.017],[-4.417,-6.735],[-16.701,0.943],[-17.893,1.324],[-18.274,0.132],[-4.407,-8.506],[18.279,7.225],[17.883,8.413]],"c":true},"ix":2},"nm":"Path 1","mn":"ADBE Vector Shape - Group","hd":false},{"ty":"fl","c":{"a":0,"k":[0.729411780834,0.388235300779,0.286274522543,1],"ix":4},"o":{"a":0,"k":100,"ix":5},"r":1,"bm":0,"nm":"Fill 1","mn":"ADBE Vector Graphic - Fill","hd":false},{"ty":"tr","p":{"a":0,"k":[787.058,625.814],"ix":2},"a":{"a":0,"k":[0,0],"ix":1},"s":{"a":0,"k":[100,100],"ix":3},"r":{"a":0,"k":0,"ix":6},"o":{"a":0,"k":100,"ix":7},"sk":{"a":0,"k":0,"ix":4},"sa":{"a":0,"k":0,"ix":5},"nm":"Transform"}],"nm":"Group 3","np":2,"cix":2,"bm":0,"ix":3,"mn":"ADBE Vector Group","hd":false},{"ty":"gr","it":[{"ind":0,"ty":"sh","ix":1,"ks":{"a":0,"k":{"i":[[0.133,0],[0.156,0.31],[8.112,0.049],[3.29,-6.387],[0.433,0.227],[-0.224,0.435],[-6.084,-0.004],[-4.604,-9.21],[0.438,-0.219]],"o":[[-0.325,0],[-4.318,-8.637],[-3.795,0.027],[-0.223,0.435],[-0.435,-0.224],[2.887,-5.608],[8.752,0.053],[0.219,0.438],[-0.127,0.063]],"v":[[17.488,8.506],[16.695,8.017],[-4.417,-6.735],[-16.701,0.943],[-17.893,1.324],[-18.274,0.132],[-4.407,-8.506],[18.279,7.225],[17.883,8.413]],"c":true},"ix":2},"nm":"Path 1","mn":"ADBE Vector Shape - Group","hd":false},{"ty":"fl","c":{"a":0,"k":[0.729411780834,0.388235300779,0.286274522543,1],"ix":4},"o":{"a":0,"k":100,"ix":5},"r":1,"bm":0,"nm":"Fill 1","mn":"ADBE Vector Graphic - Fill","hd":false},{"ty":"tr","p":{"a":0,"k":[721.535,617.55],"ix":2},"a":{"a":0,"k":[0,0],"ix":1},"s":{"a":0,"k":[100,100],"ix":3},"r":{"a":0,"k":0,"ix":6},"o":{"a":0,"k":100,"ix":7},"sk":{"a":0,"k":0,"ix":4},"sa":{"a":0,"k":0,"ix":5},"nm":"Transform"}],"nm":"Group 4","np":2,"cix":2,"bm":0,"ix":4,"mn":"ADBE Vector Group","hd":false},{"ty":"gr","it":[{"ind":0,"ty":"sh","ix":1,"ks":{"a":0,"k":{"i":[[0.14,0],[0.159,0.299],[29.342,30.795],[-0.355,0.337],[-0.337,-0.356],[-0.328,-0.619],[0.432,-0.229]],"o":[[-0.317,0],[-0.08,-0.15],[-0.337,-0.354],[0.353,-0.336],[29.555,31.017],[0.229,0.432],[-0.131,0.07]],"v":[[18.89,24.054],[18.107,23.584],[-19.531,-22.558],[-19.5,-23.81],[-18.249,-23.779],[19.672,22.755],[19.303,23.952]],"c":true},"ix":2},"nm":"Path 1","mn":"ADBE Vector Shape - Group","hd":false},{"ty":"fl","c":{"a":0,"k":[0.729411780834,0.388235300779,0.286274522543,1],"ix":4},"o":{"a":0,"k":100,"ix":5},"r":1,"bm":0,"nm":"Fill 1","mn":"ADBE Vector Graphic - Fill","hd":false},{"ty":"tr","p":{"a":0,"k":[694.013,514.638],"ix":2},"a":{"a":0,"k":[0,0],"ix":1},"s":{"a":0,"k":[100,100],"ix":3},"r":{"a":0,"k":0,"ix":6},"o":{"a":0,"k":100,"ix":7},"sk":{"a":0,"k":0,"ix":4},"sa":{"a":0,"k":0,"ix":5},"nm":"Transform"}],"nm":"Group 5","np":2,"cix":2,"bm":0,"ix":5,"mn":"ADBE Vector Group","hd":false},{"ty":"gr","it":[{"ind":0,"ty":"sh","ix":1,"ks":{"a":0,"k":{"i":[[0.483,0],[5.342,7.182],[-3.4,7.141],[-0.443,-0.21],[0.21,-0.441],[-5.7,-7.663],[-4.909,0.755],[-0.027,0.047],[-0.422,-0.249],[0.247,-0.421],[11.79,-1.814]],"o":[[-5.413,0],[-4.843,-6.511],[0.211,-0.442],[0.442,0.211],[-2.523,5.299],[5.349,7.192],[10.969,-1.688],[0.247,-0.422],[0.422,0.248],[-0.13,0.22],[-0.462,0.071]],"v":[[3.737,17.61],[-13.688,6.05],[-19.096,-17.104],[-17.916,-17.524],[-17.496,-16.343],[-12.267,4.994],[4.886,15.753],[18.719,9.391],[19.932,9.076],[20.246,10.288],[5.156,17.503]],"c":true},"ix":2},"nm":"Path 1","mn":"ADBE Vector Shape - Group","hd":false},{"ty":"fl","c":{"a":0,"k":[1,0.686274528503,0.588235318661,1],"ix":4},"o":{"a":0,"k":100,"ix":5},"r":1,"bm":0,"nm":"Fill 1","mn":"ADBE Vector Graphic - Fill","hd":false},{"ty":"tr","p":{"a":0,"k":[554.405,410.795],"ix":2},"a":{"a":0,"k":[0,0],"ix":1},"s":{"a":0,"k":[100,100],"ix":3},"r":{"a":0,"k":0,"ix":6},"o":{"a":0,"k":100,"ix":7},"sk":{"a":0,"k":0,"ix":4},"sa":{"a":0,"k":0,"ix":5},"nm":"Transform"}],"nm":"Group 6","np":2,"cix":2,"bm":0,"ix":6,"mn":"ADBE Vector Group","hd":false},{"ty":"gr","it":[{"ind":0,"ty":"sh","ix":1,"ks":{"a":0,"k":{"i":[[0.022,-0.01],[0.232,0.401],[-0.423,0.244],[0.556,6.886],[13.667,6.379],[-0.206,0.443],[-0.444,-0.206],[-0.632,-7.829],[0.397,-0.229]],"o":[[-0.412,0.194],[-0.244,-0.424],[0.088,-0.051],[-0.416,-5.156],[-0.443,-0.207],[0.209,-0.443],[3.575,1.67],[0.646,8.007],[-0.022,0.013]],"v":[[9.267,19.047],[8.124,18.688],[8.448,17.479],[16.639,5.456],[-17.926,-17.443],[-18.354,-18.62],[-17.177,-19.048],[18.405,5.314],[9.332,19.013]],"c":true},"ix":2},"nm":"Path 1","mn":"ADBE Vector Shape - Group","hd":false},{"ty":"fl","c":{"a":0,"k":[1,0.686274528503,0.588235318661,1],"ix":4},"o":{"a":0,"k":100,"ix":5},"r":1,"bm":0,"nm":"Fill 1","mn":"ADBE Vector Graphic - Fill","hd":false},{"ty":"tr","p":{"a":0,"k":[504.148,597.06],"ix":2},"a":{"a":0,"k":[0,0],"ix":1},"s":{"a":0,"k":[100,100],"ix":3},"r":{"a":0,"k":0,"ix":6},"o":{"a":0,"k":100,"ix":7},"sk":{"a":0,"k":0,"ix":4},"sa":{"a":0,"k":0,"ix":5},"nm":"Transform"}],"nm":"Group 7","np":2,"cix":2,"bm":0,"ix":7,"mn":"ADBE Vector Group","hd":false},{"ty":"gr","it":[{"ind":0,"ty":"sh","ix":1,"ks":{"a":0,"k":{"i":[[-3.542,60.21],[26.563,16.528],[13.577,4.132],[15.348,11.216],[27.153,-11.216],[23.021,12.986],[12.396,7.083],[2.069,-1.018],[-15.228,-9.957],[-13.872,-16.823],[-3.854,2.954],[-5.608,6.493],[-19.48,2.656],[-14.462,-20.07],[-23.907,-15.643],[11.511,-46.043],[-56.668,-101.826],[-21.549,-40.754],[0,17.634],[0,0],[8.43,20.02]],"o":[[3.542,-60.21],[-26.563,-16.528],[-13.577,-4.132],[-15.348,-11.216],[-1.771,0],[-23.021,-12.986],[-3.136,-1.792],[18.23,8.417],[15.348,10.035],[13.872,16.823],[3.854,-2.954],[5.608,-6.493],[19.48,-2.656],[14.462,20.07],[23.907,15.643],[-11.511,46.043],[27.136,48.76],[13.54,-9.247],[0,0],[-34.56,-55.928],[-14.167,-33.647]],"v":[[152.069,-49.053],[58.212,-168.882],[8.037,-188.952],[-34.464,-220.238],[-88.771,-224.37],[-125.96,-252.704],[-218.636,-322.949],[-226.446,-323.923],[-151.62,-264.808],[-89.344,-212.862],[-49.811,-175.376],[-50.384,-209.911],[2.152,-172.132],[58.23,-160.326],[115.783,-114.579],[136.444,-15.114],[127.589,183.225],[204.015,324.537],[226.446,282.102],[226.446,270],[139.082,120.952]],"c":true},"ix":2},"nm":"Path 1","mn":"ADBE Vector Shape - Group","hd":false},{"ty":"fl","c":{"a":0,"k":[0.996078431606,0.700043082237,0.609365642071,1],"ix":4},"o":{"a":0,"k":100,"ix":5},"r":1,"bm":0,"nm":"Fill 1","mn":"ADBE Vector Graphic - Fill","hd":false},{"ty":"tr","p":{"a":0,"k":[762.714,714.069],"ix":2},"a":{"a":0,"k":[0,0],"ix":1},"s":{"a":0,"k":[100,100],"ix":3},"r":{"a":0,"k":0,"ix":6},"o":{"a":0,"k":100,"ix":7},"sk":{"a":0,"k":0,"ix":4},"sa":{"a":0,"k":0,"ix":5},"nm":"Transform"}],"nm":"Group 8","np":2,"cix":2,"bm":0,"ix":8,"mn":"ADBE Vector Group","hd":false},{"ty":"gr","it":[{"ind":0,"ty":"sh","ix":1,"ks":{"a":0,"k":{"i":[[0,0],[8.43,20.02],[-3.542,60.21],[26.563,16.528],[13.577,4.132],[15.348,11.216],[27.153,-11.216],[23.021,12.986],[12.396,7.083],[-4.722,-20.07],[-31.285,-20.07],[5.903,-36.008],[20.66,24.202],[20.07,-7.083],[-12.412,-5.275],[-18.889,-55.487],[-43.682,-29.515],[-19.052,-62.481],[0,0],[0,28.363]],"o":[[-34.56,-55.928],[-14.167,-33.647],[3.542,-60.21],[-26.563,-16.528],[-13.577,-4.132],[-15.348,-11.216],[-1.771,0],[-23.021,-12.986],[-12.396,-7.084],[4.722,20.07],[31.286,20.07],[-5.903,36.008],[-20.66,-24.202],[-20.07,7.084],[17.709,7.526],[18.889,55.488],[33.065,22.341],[0,0],[28.363,0],[0,0]],"v":[[257.019,265.541],[169.656,116.493],[182.642,-53.512],[88.785,-173.341],[38.61,-193.411],[-3.891,-224.697],[-58.198,-228.829],[-95.386,-257.163],[-188.062,-327.408],[-199.868,-296.713],[-135.526,-208.759],[-94.206,-94.832],[-156.186,-109.59],[-245.321,-146.188],[-243.698,-108.409],[-175.666,-7.469],[-64.691,112.951],[30.63,328.999],[205.664,328.999],[257.019,277.643]],"c":true},"ix":2},"nm":"Path 1","mn":"ADBE Vector Shape - Group","hd":false},{"ty":"fl","c":{"a":0,"k":[1,0.564705908298,0.43137255311,1],"ix":4},"o":{"a":0,"k":100,"ix":5},"r":1,"bm":0,"nm":"Fill 1","mn":"ADBE Vector Graphic - Fill","hd":false},{"ty":"tr","p":{"a":0,"k":[732.14,718.528],"ix":2},"a":{"a":0,"k":[0,0],"ix":1},"s":{"a":0,"k":[100,100],"ix":3},"r":{"a":0,"k":0,"ix":6},"o":{"a":0,"k":100,"ix":7},"sk":{"a":0,"k":0,"ix":4},"sa":{"a":0,"k":0,"ix":5},"nm":"Transform"}],"nm":"Group 9","np":2,"cix":2,"bm":0,"ix":9,"mn":"ADBE Vector Group","hd":false}],"ip":0,"op":300.3003003003,"st":0,"bm":0},{"ddd":0,"ind":5,"ty":3,"nm":"Null 1","parent":21,"sr":1,"ks":{"o":{"a":0,"k":0,"ix":11},"r":{"a":0,"k":0,"ix":10},"p":{"a":0,"k":[178,-188,0],"ix":2,"l":2},"a":{"a":0,"k":[50,50,0],"ix":1,"l":2},"s":{"a":0,"k":[100,100,100],"ix":6,"l":2}},"ao":0,"ip":0,"op":300.3003003003,"st":0,"bm":0},{"ddd":0,"ind":6,"ty":4,"nm":"Layer 17","parent":19,"sr":1,"ks":{"o":{"a":0,"k":100,"ix":11},"r":{"a":0,"k":0,"ix":10},"p":{"a":0,"k":[-76.574,128.296,0],"ix":2,"l":2},"a":{"a":0,"k":[-23.169,0,0],"ix":1,"l":2},"s":{"a":1,"k":[{"i":{"x":[0.667,0.667,0.667],"y":[1,1,1]},"o":{"x":[1,0.333,0.333],"y":[0,0,0]},"t":44.045,"s":[0,100,100]},{"t":64.064453125,"s":[100,100,100]}],"ix":6,"l":2}},"ao":0,"shapes":[{"ty":"gr","it":[{"ind":0,"ty":"sh","ix":1,"ks":{"a":0,"k":{"i":[[0,0],[0,0],[0,0],[0,0]],"o":[[0,0],[0,0],[0,0],[0,0]],"v":[[23.169,4.28],[-23.169,4.28],[-23.169,-4.28],[23.169,-4.28]],"c":true},"ix":2},"nm":"Path 1","mn":"ADBE Vector Shape - Group","hd":false},{"ty":"fl","c":{"a":0,"k":[0.078431375325,0.298039227724,0.40000000596,1],"ix":4},"o":{"a":0,"k":100,"ix":5},"r":1,"bm":0,"nm":"Fill 1","mn":"ADBE Vector Graphic - Fill","hd":false},{"ty":"tr","p":{"a":0,"k":[0,0],"ix":2},"a":{"a":0,"k":[0,0],"ix":1},"s":{"a":0,"k":[100,100],"ix":3},"r":{"a":0,"k":0,"ix":6},"o":{"a":0,"k":100,"ix":7},"sk":{"a":0,"k":0,"ix":4},"sa":{"a":0,"k":0,"ix":5},"nm":"Transform"}],"nm":"Group 1","np":2,"cix":2,"bm":0,"ix":1,"mn":"ADBE Vector Group","hd":false}],"ip":0,"op":300.3003003003,"st":0,"bm":0},{"ddd":0,"ind":7,"ty":4,"nm":"Layer 16","parent":19,"sr":1,"ks":{"o":{"a":0,"k":100,"ix":11},"r":{"a":0,"k":0,"ix":10},"p":{"a":0,"k":[-77.258,99.883,0],"ix":2,"l":2},"a":{"a":0,"k":[-89.134,0,0],"ix":1,"l":2},"s":{"a":1,"k":[{"i":{"x":[0.667,0.667,0.667],"y":[1,1,1]},"o":{"x":[1,0.333,0.333],"y":[0,0,0]},"t":46.047,"s":[0,100,100]},{"t":66.06640625,"s":[100,100,100]}],"ix":6,"l":2}},"ao":0,"shapes":[{"ty":"gr","it":[{"ind":0,"ty":"sh","ix":1,"ks":{"a":0,"k":{"i":[[0,0],[0,0],[0,0],[0,0]],"o":[[0,0],[0,0],[0,0],[0,0]],"v":[[89.134,4.28],[-89.134,4.28],[-89.134,-4.28],[89.134,-4.28]],"c":true},"ix":2},"nm":"Path 1","mn":"ADBE Vector Shape - Group","hd":false},{"ty":"fl","c":{"a":0,"k":[0.078431375325,0.298039227724,0.40000000596,1],"ix":4},"o":{"a":0,"k":100,"ix":5},"r":1,"bm":0,"nm":"Fill 1","mn":"ADBE Vector Graphic - Fill","hd":false},{"ty":"tr","p":{"a":0,"k":[0,0],"ix":2},"a":{"a":0,"k":[0,0],"ix":1},"s":{"a":0,"k":[100,100],"ix":3},"r":{"a":0,"k":0,"ix":6},"o":{"a":0,"k":100,"ix":7},"sk":{"a":0,"k":0,"ix":4},"sa":{"a":0,"k":0,"ix":5},"nm":"Transform"}],"nm":"Group 1","np":2,"cix":2,"bm":0,"ix":1,"mn":"ADBE Vector Group","hd":false}],"ip":0,"op":300.3003003003,"st":0,"bm":0},{"ddd":0,"ind":8,"ty":4,"nm":"Layer 15","parent":19,"sr":1,"ks":{"o":{"a":0,"k":100,"ix":11},"r":{"a":0,"k":0,"ix":10},"p":{"a":0,"k":[-76.409,113.266,0],"ix":2,"l":2},"a":{"a":0,"k":[-50.323,0,0],"ix":1,"l":2},"s":{"a":1,"k":[{"i":{"x":[0.667,0.667,0.667],"y":[1,1,1]},"o":{"x":[1,0.333,0.333],"y":[0,0,0]},"t":50.051,"s":[0,100,100]},{"t":70.0703125,"s":[100,100,100]}],"ix":6,"l":2}},"ao":0,"shapes":[{"ty":"gr","it":[{"ind":0,"ty":"sh","ix":1,"ks":{"a":0,"k":{"i":[[0,0],[0,0],[0,0],[0,0]],"o":[[0,0],[0,0],[0,0],[0,0]],"v":[[50.323,4.28],[-50.323,4.28],[-50.323,-4.28],[50.323,-4.28]],"c":true},"ix":2},"nm":"Path 1","mn":"ADBE Vector Shape - Group","hd":false},{"ty":"fl","c":{"a":0,"k":[0.078431375325,0.298039227724,0.40000000596,1],"ix":4},"o":{"a":0,"k":100,"ix":5},"r":1,"bm":0,"nm":"Fill 1","mn":"ADBE Vector Graphic - Fill","hd":false},{"ty":"tr","p":{"a":0,"k":[0,0],"ix":2},"a":{"a":0,"k":[0,0],"ix":1},"s":{"a":0,"k":[100,100],"ix":3},"r":{"a":0,"k":0,"ix":6},"o":{"a":0,"k":100,"ix":7},"sk":{"a":0,"k":0,"ix":4},"sa":{"a":0,"k":0,"ix":5},"nm":"Transform"}],"nm":"Group 1","np":2,"cix":2,"bm":0,"ix":1,"mn":"ADBE Vector Group","hd":false}],"ip":0,"op":300.3003003003,"st":0,"bm":0},{"ddd":0,"ind":9,"ty":4,"nm":"Layer 14","parent":19,"sr":1,"ks":{"o":{"a":0,"k":100,"ix":11},"r":{"a":0,"k":0,"ix":10},"p":{"a":0,"k":[-116.019,132.84,0],"ix":2,"l":2},"a":{"a":0,"k":[372.755,544.826,0],"ix":1,"l":2},"s":{"a":1,"k":[{"i":{"x":[0.239,0,0.667],"y":[1,1,1]},"o":{"x":[0.454,0.333,0.333],"y":[0,0,0]},"t":36.035,"s":[100,0,100]},{"t":80.080078125,"s":[100,100,100]}],"ix":6,"l":2}},"ao":0,"shapes":[{"ty":"gr","it":[{"ind":0,"ty":"sh","ix":1,"ks":{"a":0,"k":{"i":[[0,0],[0,0],[0,0]],"o":[[0,0],[0,0],[0,0]],"v":[[-14.72,10.957],[-14.72,-10.957],[14.72,-0.11]],"c":true},"ix":2},"nm":"Path 1","mn":"ADBE Vector Shape - Group","hd":false},{"ty":"fl","c":{"a":0,"k":[0.819607853889,0.168627455831,0.082352943718,1],"ix":4},"o":{"a":0,"k":100,"ix":5},"r":1,"bm":0,"nm":"Fill 1","mn":"ADBE Vector Graphic - Fill","hd":false},{"ty":"tr","p":{"a":0,"k":[384.736,511.724],"ix":2},"a":{"a":0,"k":[0,0],"ix":1},"s":{"a":0,"k":[100,100],"ix":3},"r":{"a":0,"k":0,"ix":6},"o":{"a":0,"k":100,"ix":7},"sk":{"a":0,"k":0,"ix":4},"sa":{"a":0,"k":0,"ix":5},"nm":"Transform"}],"nm":"Group 1","np":2,"cix":2,"bm":0,"ix":1,"mn":"ADBE Vector Group","hd":false},{"ty":"gr","it":[{"ind":0,"ty":"sh","ix":1,"ks":{"a":0,"k":{"i":[[0,0],[0,0],[0,0],[0,0]],"o":[[0,0],[0,0],[0,0],[0,0]],"v":[[1.66,14.278],[-1.66,14.278],[-1.66,-14.278],[1.66,-14.278]],"c":true},"ix":2},"nm":"Path 1","mn":"ADBE Vector Shape - Group","hd":false},{"ty":"fl","c":{"a":0,"k":[0.858823537827,0.360784322023,0.203921571374,1],"ix":4},"o":{"a":0,"k":100,"ix":5},"r":1,"bm":0,"nm":"Fill 1","mn":"ADBE Vector Graphic - Fill","hd":false},{"ty":"tr","p":{"a":0,"k":[372.34,531.425],"ix":2},"a":{"a":0,"k":[0,0],"ix":1},"s":{"a":0,"k":[100,100],"ix":3},"r":{"a":0,"k":0,"ix":6},"o":{"a":0,"k":100,"ix":7},"sk":{"a":0,"k":0,"ix":4},"sa":{"a":0,"k":0,"ix":5},"nm":"Transform"}],"nm":"Group 2","np":2,"cix":2,"bm":0,"ix":2,"mn":"ADBE Vector Group","hd":false}],"ip":0,"op":300.3003003003,"st":0,"bm":0},{"ddd":0,"ind":10,"ty":4,"nm":"HAMBUGER","sr":1,"ks":{"o":{"a":0,"k":100,"ix":11},"r":{"a":1,"k":[{"i":{"x":[0],"y":[1]},"o":{"x":[0.187],"y":[0]},"t":130,"s":[46]},{"t":160.16015625,"s":[1]}],"ix":10},"p":{"a":1,"k":[{"i":{"x":0.374,"y":1},"o":{"x":0.853,"y":0},"t":130.131,"s":[424.649,676.297,0],"to":[329.667,63.167,0],"ti":[268.333,65.333,0]},{"t":160,"s":[574.649,229.297,0]}],"ix":2,"l":2},"a":{"a":0,"k":[488.624,350.02,0],"ix":1,"l":2},"s":{"a":1,"k":[{"i":{"x":[0.469,0.469,0.667],"y":[1,1,1]},"o":{"x":[0.733,0.733,0.333],"y":[0,0,0]},"t":130,"s":[100,100,100]},{"i":{"x":[0,0,0.667],"y":[1,1,1]},"o":{"x":[0.134,0.134,0.333],"y":[0,0,0]},"t":136.131,"s":[120,120,100]},{"i":{"x":[0.833,0.833,0.833],"y":[1,1,1]},"o":{"x":[0.927,0.927,0.167],"y":[0,0,0]},"t":148.148,"s":[200,200,100]},{"i":{"x":[0,0,0.667],"y":[1,1,1]},"o":{"x":[0.393,0.393,0.167],"y":[0,0,0]},"t":160.16,"s":[210,210,100]},{"i":{"x":[0.833,0.833,0.833],"y":[1,1,1]},"o":{"x":[0.167,0.167,0.167],"y":[0,0,0]},"t":168.168,"s":[200,200,100]},{"i":{"x":[0,0,0.667],"y":[1,1,1]},"o":{"x":[0.393,0.393,0.167],"y":[0,0,0]},"t":235,"s":[210,210,100]},{"t":243,"s":[0,0,100]}],"ix":6,"l":2}},"ao":0,"shapes":[{"ty":"gr","it":[{"ind":0,"ty":"sh","ix":1,"ks":{"a":0,"k":{"i":[[0.004,0],[0.179,2.742],[-0.402,0.026],[-0.026,-0.403],[-1.147,0],[-0.002,0],[-0.081,1.357],[-0.216,0.121],[-0.218,-0.116],[-0.39,0.36],[0.209,0.485],[-0.37,0.159],[-0.159,-0.37],[0.873,-0.807],[1.874,0.766],[1.553,-0.005]],"o":[[-1.861,0],[-0.026,-0.402],[0.384,-0.044],[0.126,1.922],[0.002,0],[1.188,-0.005],[0.014,-0.248],[0.216,-0.123],[1.271,0.668],[0.319,-0.294],[-0.158,-0.37],[0.37,-0.156],[0.403,0.941],[-0.55,0.507],[-0.582,1.6],[-0.005,0]],"v":[[-1.999,3.079],[-5.992,-0.889],[-5.313,-1.663],[-4.539,-0.984],[-1.999,1.624],[-1.991,1.624],[0.582,-0.473],[0.951,-1.064],[1.648,-1.075],[4.298,-0.581],[4.381,-2.065],[4.763,-3.021],[5.72,-2.638],[5.286,0.489],[1.831,0.619],[-1.986,3.079]],"c":true},"ix":2},"nm":"Path 1","mn":"ADBE Vector Shape - Group","hd":false},{"ty":"fl","c":{"a":0,"k":[0.850980401039,0.780392169952,0.75686275959,1],"ix":4},"o":{"a":0,"k":100,"ix":5},"r":1,"bm":0,"nm":"Fill 1","mn":"ADBE Vector Graphic - Fill","hd":false},{"ty":"tr","p":{"a":0,"k":[538.192,330.368],"ix":2},"a":{"a":0,"k":[0,0],"ix":1},"s":{"a":0,"k":[100,100],"ix":3},"r":{"a":0,"k":0,"ix":6},"o":{"a":0,"k":100,"ix":7},"sk":{"a":0,"k":0,"ix":4},"sa":{"a":0,"k":0,"ix":5},"nm":"Transform"}],"nm":"Group 1","np":2,"cix":2,"bm":1,"ix":1,"mn":"ADBE Vector Group","hd":false},{"ty":"gr","it":[{"ind":0,"ty":"sh","ix":1,"ks":{"a":0,"k":{"i":[[0.003,0],[0.179,2.742],[-0.402,0.026],[-0.026,-0.403],[-1.147,0],[-0.002,0],[-0.08,1.357],[-0.216,0.121],[-0.218,-0.116],[-0.39,0.36],[0.209,0.485],[-0.37,0.159],[-0.159,-0.37],[0.873,-0.807],[1.874,0.766],[1.553,-0.005]],"o":[[-1.861,0],[-0.026,-0.402],[0.384,-0.044],[0.126,1.922],[0.002,0],[1.188,-0.005],[0.014,-0.248],[0.216,-0.123],[1.271,0.668],[0.319,-0.294],[-0.158,-0.37],[0.37,-0.156],[0.403,0.941],[-0.55,0.507],[-0.582,1.6],[-0.005,0]],"v":[[-1.999,3.079],[-5.992,-0.889],[-5.313,-1.663],[-4.539,-0.984],[-1.999,1.624],[-1.991,1.624],[0.582,-0.473],[0.951,-1.064],[1.648,-1.075],[4.298,-0.581],[4.381,-2.065],[4.763,-3.021],[5.72,-2.638],[5.286,0.489],[1.831,0.619],[-1.986,3.079]],"c":true},"ix":2},"nm":"Path 1","mn":"ADBE Vector Shape - Group","hd":false},{"ty":"fl","c":{"a":0,"k":[0.850980401039,0.780392169952,0.75686275959,1],"ix":4},"o":{"a":0,"k":100,"ix":5},"r":1,"bm":0,"nm":"Fill 1","mn":"ADBE Vector Graphic - Fill","hd":false},{"ty":"tr","p":{"a":0,"k":[483.257,344.079],"ix":2},"a":{"a":0,"k":[0,0],"ix":1},"s":{"a":0,"k":[100,100],"ix":3},"r":{"a":0,"k":0,"ix":6},"o":{"a":0,"k":100,"ix":7},"sk":{"a":0,"k":0,"ix":4},"sa":{"a":0,"k":0,"ix":5},"nm":"Transform"}],"nm":"Group 2","np":2,"cix":2,"bm":1,"ix":2,"mn":"ADBE Vector Group","hd":false},{"ty":"gr","it":[{"ind":0,"ty":"sh","ix":1,"ks":{"a":0,"k":{"i":[[1.444,0],[0.049,0.001],[0.562,1.371],[-0.372,0.152],[-0.153,-0.373],[-0.484,-0.019],[-0.395,0.783],[0.932,1.158],[-0.313,0.252],[-0.256,-0.315],[0.417,-0.83]],"o":[[-0.049,0],[-1.417,-0.054],[-0.153,-0.372],[0.367,-0.158],[0.461,1.124],[0.915,0.025],[0.449,-0.892],[-0.251,-0.313],[0.309,-0.251],[1.767,2.197],[-0.631,1.254]],"v":[[-0.251,3.546],[-0.397,3.544],[-3.512,1.301],[-3.115,0.351],[-2.165,0.748],[-0.341,2.089],[1.893,0.818],[1.145,-2.362],[1.256,-3.386],[2.28,-3.274],[3.194,1.472]],"c":true},"ix":2},"nm":"Path 1","mn":"ADBE Vector Shape - Group","hd":false},{"ty":"fl","c":{"a":0,"k":[0.850980401039,0.780392169952,0.75686275959,1],"ix":4},"o":{"a":0,"k":100,"ix":5},"r":1,"bm":0,"nm":"Fill 1","mn":"ADBE Vector Graphic - Fill","hd":false},{"ty":"tr","p":{"a":0,"k":[423.418,343.179],"ix":2},"a":{"a":0,"k":[0,0],"ix":1},"s":{"a":0,"k":[100,100],"ix":3},"r":{"a":0,"k":0,"ix":6},"o":{"a":0,"k":100,"ix":7},"sk":{"a":0,"k":0,"ix":4},"sa":{"a":0,"k":0,"ix":5},"nm":"Transform"}],"nm":"Group 3","np":2,"cix":2,"bm":1,"ix":3,"mn":"ADBE Vector Group","hd":false},{"ty":"gr","it":[{"ind":0,"ty":"sh","ix":1,"ks":{"a":0,"k":{"i":[[1.443,0],[0.049,0.001],[0.562,1.371],[-0.372,0.152],[-0.153,-0.373],[-0.483,-0.019],[-0.395,0.783],[0.931,1.158],[-0.313,0.252],[-0.256,-0.315],[0.417,-0.83]],"o":[[-0.049,0],[-1.417,-0.055],[-0.153,-0.372],[0.367,-0.158],[0.461,1.123],[0.915,0.025],[0.449,-0.892],[-0.251,-0.313],[0.309,-0.251],[1.767,2.197],[-0.631,1.254]],"v":[[-0.251,3.546],[-0.397,3.544],[-3.512,1.301],[-3.115,0.351],[-2.165,0.748],[-0.341,2.089],[1.893,0.818],[1.145,-2.362],[1.256,-3.386],[2.28,-3.274],[3.194,1.472]],"c":true},"ix":2},"nm":"Path 1","mn":"ADBE Vector Shape - Group","hd":false},{"ty":"fl","c":{"a":0,"k":[0.850980401039,0.780392169952,0.75686275959,1],"ix":4},"o":{"a":0,"k":100,"ix":5},"r":1,"bm":0,"nm":"Fill 1","mn":"ADBE Vector Graphic - Fill","hd":false},{"ty":"tr","p":{"a":0,"k":[554.861,333.724],"ix":2},"a":{"a":0,"k":[0,0],"ix":1},"s":{"a":0,"k":[100,100],"ix":3},"r":{"a":0,"k":0,"ix":6},"o":{"a":0,"k":100,"ix":7},"sk":{"a":0,"k":0,"ix":4},"sa":{"a":0,"k":0,"ix":5},"nm":"Transform"}],"nm":"Group 4","np":2,"cix":2,"bm":1,"ix":4,"mn":"ADBE Vector Group","hd":false},{"ty":"gr","it":[{"ind":0,"ty":"sh","ix":1,"ks":{"a":0,"k":{"i":[[1.444,0],[0.049,0.001],[0.562,1.371],[-0.372,0.152],[-0.153,-0.373],[-0.484,-0.019],[-0.395,0.783],[0.932,1.158],[-0.313,0.252],[-0.256,-0.315],[0.417,-0.83]],"o":[[-0.049,0],[-1.417,-0.054],[-0.153,-0.372],[0.367,-0.158],[0.461,1.123],[0.915,0.025],[0.449,-0.892],[-0.251,-0.313],[0.309,-0.251],[1.767,2.197],[-0.631,1.254]],"v":[[-0.251,3.546],[-0.397,3.544],[-3.512,1.301],[-3.115,0.351],[-2.165,0.748],[-0.341,2.089],[1.893,0.818],[1.145,-2.362],[1.256,-3.386],[2.28,-3.274],[3.194,1.472]],"c":true},"ix":2},"nm":"Path 1","mn":"ADBE Vector Shape - Group","hd":false},{"ty":"fl","c":{"a":0,"k":[0.850980401039,0.780392169952,0.75686275959,1],"ix":4},"o":{"a":0,"k":100,"ix":5},"r":1,"bm":0,"nm":"Fill 1","mn":"ADBE Vector Graphic - Fill","hd":false},{"ty":"tr","p":{"a":0,"k":[491.349,333.32],"ix":2},"a":{"a":0,"k":[0,0],"ix":1},"s":{"a":0,"k":[100,100],"ix":3},"r":{"a":0,"k":0,"ix":6},"o":{"a":0,"k":100,"ix":7},"sk":{"a":0,"k":0,"ix":4},"sa":{"a":0,"k":0,"ix":5},"nm":"Transform"}],"nm":"Group 5","np":2,"cix":2,"bm":1,"ix":5,"mn":"ADBE Vector Group","hd":false},{"ty":"gr","it":[{"ind":0,"ty":"sh","ix":1,"ks":{"a":0,"k":{"i":[[0.273,0],[0.846,1.114],[-0.617,1.388],[-0.367,-0.161],[0.164,-0.367],[-0.491,-0.646],[-1.338,0.192],[-0.533,1.433],[-0.27,0.033],[-0.153,-0.224],[-0.67,0.359],[0.37,0.946],[-0.374,0.146],[-0.147,-0.374],[1.188,-0.626],[0.918,0.717],[1.336,-0.198]],"o":[[-1.59,0],[-0.813,-1.07],[0.164,-0.369],[0.367,0.162],[-0.402,0.905],[0.668,0.882],[0.703,-0.104],[0.095,-0.256],[0.271,-0.033],[0.268,0.396],[0.608,-0.32],[-0.147,-0.375],[0.377,-0.146],[0.672,1.717],[-0.685,0.364],[-0.698,1.005],[-0.274,0.04]],"v":[[-1.742,3.063],[-5.701,1.282],[-6.005,-2.529],[-5.044,-2.898],[-4.675,-1.936],[-4.541,0.401],[-1.134,1.562],[1.36,-0.363],[1.955,-0.832],[2.645,-0.519],[4.138,0.128],[4.804,-2.069],[5.216,-3.013],[6.16,-2.6],[4.817,1.416],[2.207,1.139],[-0.92,3.003]],"c":true},"ix":2},"nm":"Path 1","mn":"ADBE Vector Shape - Group","hd":false},{"ty":"fl","c":{"a":0,"k":[0.850980401039,0.780392169952,0.75686275959,1],"ix":4},"o":{"a":0,"k":100,"ix":5},"r":1,"bm":0,"nm":"Fill 1","mn":"ADBE Vector Graphic - Fill","hd":false},{"ty":"tr","p":{"a":0,"k":[454.408,334.859],"ix":2},"a":{"a":0,"k":[0,0],"ix":1},"s":{"a":0,"k":[100,100],"ix":3},"r":{"a":0,"k":0,"ix":6},"o":{"a":0,"k":100,"ix":7},"sk":{"a":0,"k":0,"ix":4},"sa":{"a":0,"k":0,"ix":5},"nm":"Transform"}],"nm":"Group 6","np":2,"cix":2,"bm":1,"ix":6,"mn":"ADBE Vector Group","hd":false},{"ty":"gr","it":[{"ind":0,"ty":"sh","ix":1,"ks":{"a":0,"k":{"i":[[0,0],[-2.225,-2.427],[0.809,-4.45],[-3.641,4.45],[-4.248,-3.236],[-8.091,4.45],[-3.438,-4.855],[-6.068,2.427],[-0.202,-3.641],[-2.832,-8.698],[-4.652,2.832],[-5.663,3.236],[-6.877,1.416],[-3.641,-0.607],[-10.72,-3.641],[-6.27,2.832],[1.214,3.843],[0,0]],"o":[[-7.636,0.202],[2.225,2.427],[-0.809,4.45],[3.641,-4.45],[4.248,3.236],[8.091,-4.45],[3.439,4.854],[6.068,-2.427],[0.202,3.641],[2.832,8.697],[4.652,-2.832],[5.664,-3.236],[6.877,-1.416],[3.641,0.607],[10.72,3.641],[6.27,-2.832],[-1.214,-3.843],[0,0]],"v":[[-70.604,-13.946],[-84.428,-5.689],[-89.74,6.486],[-66.761,10.933],[-51.793,-1.81],[-36.623,-0.799],[-15.79,-2.215],[0.19,-7.676],[12.528,-5.249],[18.394,2.235],[29.721,13.158],[35.384,3.449],[41.857,-4.44],[53.184,-7.676],[61.275,-1.001],[82.715,8.505],[89.39,0.819],[76.496,-13.744]],"c":true},"ix":2},"nm":"Path 1","mn":"ADBE Vector Shape - Group","hd":false},{"ty":"fl","c":{"a":0,"k":[0.603921592236,0.811764717102,0.349019616842,1],"ix":4},"o":{"a":0,"k":100,"ix":5},"r":1,"bm":0,"nm":"Fill 1","mn":"ADBE Vector Graphic - Fill","hd":false},{"ty":"tr","p":{"a":0,"k":[488.624,325.233],"ix":2},"a":{"a":0,"k":[0,0],"ix":1},"s":{"a":0,"k":[100,100],"ix":3},"r":{"a":0,"k":0,"ix":6},"o":{"a":0,"k":100,"ix":7},"sk":{"a":0,"k":0,"ix":4},"sa":{"a":0,"k":0,"ix":5},"nm":"Transform"}],"nm":"Group 7","np":2,"cix":2,"bm":0,"ix":7,"mn":"ADBE Vector Group","hd":false},{"ty":"gr","it":[{"ind":0,"ty":"sh","ix":1,"ks":{"a":0,"k":{"i":[[0,0],[0,0],[-10.012,2.427],[0,0],[0,0],[-2.731,4.248],[0,0],[0,0],[1.517,5.765],[1.517,2.124],[0,0],[1.517,0],[0,0]],"o":[[-4.551,4.248],[-1.517,4.248],[14.867,4.248],[6.978,3.944],[15.474,4.551],[12.136,6.371],[11.833,3.641],[12.136,4.551],[2.124,-9.406],[-1.517,-2.124],[0,0],[-1.517,0],[0,0]],"v":[[-71.529,1.497],[-73.349,9.386],[-57.269,16.667],[-33.907,17.881],[-17.826,18.488],[15.548,17.881],[36.179,16.667],[51.956,14.847],[73.195,8.172],[71.981,-6.695],[51.653,-19.741],[-39.09,-21.508],[-71.832,-10.032]],"c":true},"ix":2},"nm":"Path 1","mn":"ADBE Vector Shape - Group","hd":false},{"ty":"fl","c":{"a":0,"k":[0.541176497936,0.180392161012,0.133333340287,1],"ix":4},"o":{"a":0,"k":100,"ix":5},"r":1,"bm":0,"nm":"Fill 1","mn":"ADBE Vector Graphic - Fill","hd":false},{"ty":"tr","p":{"a":0,"k":[488.739,334.263],"ix":2},"a":{"a":0,"k":[0,0],"ix":1},"s":{"a":0,"k":[100,100],"ix":3},"r":{"a":0,"k":0,"ix":6},"o":{"a":0,"k":100,"ix":7},"sk":{"a":0,"k":0,"ix":4},"sa":{"a":0,"k":0,"ix":5},"nm":"Transform"}],"nm":"Group 8","np":2,"cix":2,"bm":0,"ix":8,"mn":"ADBE Vector Group","hd":false},{"ty":"gr","it":[{"ind":0,"ty":"sh","ix":1,"ks":{"a":0,"k":{"i":[[0,0],[0,0],[0,0],[0,0]],"o":[[0,0],[0,0],[0,0],[0,0]],"v":[[31.554,5.461],[-31.554,5.461],[-31.554,-5.461],[31.554,-5.461]],"c":true},"ix":2},"nm":"Path 1","mn":"ADBE Vector Shape - Group","hd":false},{"ty":"fl","c":{"a":0,"k":[0.819607853889,0.168627455831,0.082352943718,1],"ix":4},"o":{"a":0,"k":100,"ix":5},"r":1,"bm":0,"nm":"Fill 1","mn":"ADBE Vector Graphic - Fill","hd":false},{"ty":"tr","p":{"a":0,"k":[522.997,354.875],"ix":2},"a":{"a":0,"k":[0,0],"ix":1},"s":{"a":0,"k":[100,100],"ix":3},"r":{"a":0,"k":0,"ix":6},"o":{"a":0,"k":100,"ix":7},"sk":{"a":0,"k":0,"ix":4},"sa":{"a":0,"k":0,"ix":5},"nm":"Transform"}],"nm":"Group 9","np":2,"cix":2,"bm":0,"ix":9,"mn":"ADBE Vector Group","hd":false},{"ty":"gr","it":[{"ind":0,"ty":"sh","ix":1,"ks":{"a":0,"k":{"i":[[0,0],[0,0],[0,0],[0,0]],"o":[[0,0],[0,0],[0,0],[0,0]],"v":[[27.306,5.461],[-27.306,5.461],[-27.306,-5.461],[27.306,-5.461]],"c":true},"ix":2},"nm":"Path 1","mn":"ADBE Vector Shape - Group","hd":false},{"ty":"fl","c":{"a":0,"k":[0.819607853889,0.168627455831,0.082352943718,1],"ix":4},"o":{"a":0,"k":100,"ix":5},"r":1,"bm":0,"nm":"Fill 1","mn":"ADBE Vector Graphic - Fill","hd":false},{"ty":"tr","p":{"a":0,"k":[450.585,356.089],"ix":2},"a":{"a":0,"k":[0,0],"ix":1},"s":{"a":0,"k":[100,100],"ix":3},"r":{"a":0,"k":0,"ix":6},"o":{"a":0,"k":100,"ix":7},"sk":{"a":0,"k":0,"ix":4},"sa":{"a":0,"k":0,"ix":5},"nm":"Transform"}],"nm":"Group 10","np":2,"cix":2,"bm":0,"ix":10,"mn":"ADBE Vector Group","hd":false},{"ty":"gr","it":[{"ind":0,"ty":"sh","ix":1,"ks":{"a":0,"k":{"i":[[14.159,-7.282],[-7.079,2.427],[-23.059,0],[-2.63,5.663],[1.214,0.202]],"o":[[-15.979,2.427],[7.079,-2.427],[23.059,0],[2.629,-5.664],[-1.214,-0.202]],"v":[[-28.396,-5.857],[-44.78,14.167],[7.405,5.874],[46.848,-4.239],[41.589,-14.353]],"c":true},"ix":2},"nm":"Path 1","mn":"ADBE Vector Shape - Group","hd":false},{"ty":"fl","c":{"a":0,"k":[1,0.749019622803,0.290196090937,1],"ix":4},"o":{"a":0,"k":100,"ix":5},"r":1,"bm":0,"nm":"Fill 1","mn":"ADBE Vector Graphic - Fill","hd":false},{"ty":"tr","p":{"a":0,"k":[456.327,362.249],"ix":2},"a":{"a":0,"k":[0,0],"ix":1},"s":{"a":0,"k":[100,100],"ix":3},"r":{"a":0,"k":0,"ix":6},"o":{"a":0,"k":100,"ix":7},"sk":{"a":0,"k":0,"ix":4},"sa":{"a":0,"k":0,"ix":5},"nm":"Transform"}],"nm":"Group 11","np":2,"cix":2,"bm":0,"ix":11,"mn":"ADBE Vector Group","hd":false},{"ty":"gr","it":[{"ind":0,"ty":"sh","ix":1,"ks":{"a":0,"k":{"i":[[0,0],[-9.102,-10.923],[-6.877,3.641],[2.225,8.9],[0,0],[0,0],[0,0]],"o":[[15.575,10.113],[9.102,10.922],[6.877,-3.641],[-2.225,-8.9],[0,0],[0,0],[0,0]],"v":[[-40.125,-5.638],[10.24,12.364],[26.421,3.868],[39.771,-5.638],[29.455,-15.954],[-24.753,-16.156],[-39.316,-13.324]],"c":true},"ix":2},"nm":"Path 1","mn":"ADBE Vector Shape - Group","hd":false},{"ty":"fl","c":{"a":0,"k":[1,0.584313750267,0.290196090937,1],"ix":4},"o":{"a":0,"k":100,"ix":5},"r":1,"bm":0,"nm":"Fill 1","mn":"ADBE Vector Graphic - Fill","hd":false},{"ty":"tr","p":{"a":0,"k":[519.837,369.11],"ix":2},"a":{"a":0,"k":[0,0],"ix":1},"s":{"a":0,"k":[100,100],"ix":3},"r":{"a":0,"k":0,"ix":6},"o":{"a":0,"k":100,"ix":7},"sk":{"a":0,"k":0,"ix":4},"sa":{"a":0,"k":0,"ix":5},"nm":"Transform"}],"nm":"Group 12","np":2,"cix":2,"bm":0,"ix":12,"mn":"ADBE Vector Group","hd":false},{"ty":"gr","it":[{"ind":0,"ty":"sh","ix":1,"ks":{"a":0,"k":{"i":[[-0.612,0.572],[-0.572,-0.612],[0.612,-0.572],[0.572,0.612]],"o":[[0.612,-0.572],[0.572,0.612],[-0.612,0.572],[-0.572,-0.612]],"v":[[-0.298,-1.764],[1.846,-1.692],[1.773,0.453],[-2.144,2.037]],"c":true},"ix":2},"nm":"Path 1","mn":"ADBE Vector Shape - Group","hd":false},{"ty":"fl","c":{"a":0,"k":[1,0.760784327984,0.486274510622,1],"ix":4},"o":{"a":0,"k":100,"ix":5},"r":1,"bm":0,"nm":"Fill 1","mn":"ADBE Vector Graphic - Fill","hd":false},{"ty":"tr","p":{"a":0,"k":[516.721,274.114],"ix":2},"a":{"a":0,"k":[0,0],"ix":1},"s":{"a":0,"k":[100,100],"ix":3},"r":{"a":0,"k":0,"ix":6},"o":{"a":0,"k":100,"ix":7},"sk":{"a":0,"k":0,"ix":4},"sa":{"a":0,"k":0,"ix":5},"nm":"Transform"}],"nm":"Group 13","np":2,"cix":2,"bm":0,"ix":13,"mn":"ADBE Vector Group","hd":false},{"ty":"gr","it":[{"ty":"gr","it":[{"ind":0,"ty":"sh","ix":1,"ks":{"a":0,"k":{"i":[[0.003,0],[0.179,2.742],[-0.402,0.026],[-0.026,-0.403],[-1.147,0],[-0.002,0],[-0.08,1.357],[-0.216,0.121],[-0.218,-0.116],[-0.39,0.36],[0.209,0.485],[-0.37,0.159],[-0.159,-0.37],[0.873,-0.807],[1.874,0.766],[1.553,-0.005]],"o":[[-1.861,0],[-0.026,-0.402],[0.384,-0.044],[0.126,1.922],[0.002,0],[1.188,-0.005],[0.014,-0.248],[0.216,-0.123],[1.271,0.668],[0.319,-0.294],[-0.158,-0.37],[0.37,-0.157],[0.403,0.941],[-0.55,0.507],[-0.582,1.6],[-0.005,0]],"v":[[-1.999,3.079],[-5.992,-0.889],[-5.313,-1.663],[-4.539,-0.984],[-1.999,1.624],[-1.991,1.624],[0.582,-0.473],[0.951,-1.064],[1.648,-1.075],[4.298,-0.581],[4.381,-2.064],[4.763,-3.021],[5.72,-2.638],[5.286,0.49],[1.831,0.619],[-1.986,3.079]],"c":true},"ix":2},"nm":"Path 1","mn":"ADBE Vector Shape - Group","hd":false},{"ty":"fl","c":{"a":0,"k":[0.850980401039,0.780392169952,0.75686275959,1],"ix":4},"o":{"a":0,"k":100,"ix":5},"r":1,"bm":0,"nm":"Fill 1","mn":"ADBE Vector Graphic - Fill","hd":false},{"ty":"tr","p":{"a":0,"k":[483.257,387.769],"ix":2},"a":{"a":0,"k":[0,0],"ix":1},"s":{"a":0,"k":[100,100],"ix":3},"r":{"a":0,"k":0,"ix":6},"o":{"a":0,"k":100,"ix":7},"sk":{"a":0,"k":0,"ix":4},"sa":{"a":0,"k":0,"ix":5},"nm":"Transform"}],"nm":"Group 1","np":2,"cix":2,"bm":1,"ix":1,"mn":"ADBE Vector Group","hd":false},{"ty":"gr","it":[{"ind":0,"ty":"sh","ix":1,"ks":{"a":0,"k":{"i":[[1.444,0],[0.049,0.001],[0.562,1.371],[-0.372,0.152],[-0.153,-0.373],[-0.484,-0.019],[-0.395,0.783],[0.932,1.158],[-0.313,0.252],[-0.256,-0.315],[0.417,-0.83]],"o":[[-0.049,0],[-1.417,-0.054],[-0.153,-0.372],[0.367,-0.158],[0.461,1.123],[0.915,0.025],[0.449,-0.892],[-0.251,-0.313],[0.309,-0.251],[1.767,2.197],[-0.631,1.254]],"v":[[-0.251,3.546],[-0.397,3.544],[-3.512,1.301],[-3.115,0.351],[-2.165,0.748],[-0.341,2.089],[1.893,0.818],[1.145,-2.362],[1.256,-3.386],[2.28,-3.274],[3.194,1.472]],"c":true},"ix":2},"nm":"Path 1","mn":"ADBE Vector Shape - Group","hd":false},{"ty":"fl","c":{"a":0,"k":[0.850980401039,0.780392169952,0.75686275959,1],"ix":4},"o":{"a":0,"k":100,"ix":5},"r":1,"bm":0,"nm":"Fill 1","mn":"ADBE Vector Graphic - Fill","hd":false},{"ty":"tr","p":{"a":0,"k":[423.418,386.868],"ix":2},"a":{"a":0,"k":[0,0],"ix":1},"s":{"a":0,"k":[100,100],"ix":3},"r":{"a":0,"k":0,"ix":6},"o":{"a":0,"k":100,"ix":7},"sk":{"a":0,"k":0,"ix":4},"sa":{"a":0,"k":0,"ix":5},"nm":"Transform"}],"nm":"Group 2","np":2,"cix":2,"bm":1,"ix":2,"mn":"ADBE Vector Group","hd":false},{"ty":"gr","it":[{"ind":0,"ty":"sh","ix":1,"ks":{"a":0,"k":{"i":[[1.443,0],[0.049,0.001],[0.562,1.371],[-0.372,0.152],[-0.153,-0.373],[-0.483,-0.019],[-0.395,0.783],[0.931,1.158],[-0.313,0.252],[-0.256,-0.315],[0.417,-0.83]],"o":[[-0.049,0],[-1.417,-0.054],[-0.153,-0.372],[0.367,-0.158],[0.461,1.124],[0.915,0.025],[0.449,-0.892],[-0.251,-0.313],[0.309,-0.251],[1.767,2.197],[-0.631,1.254]],"v":[[-0.251,3.546],[-0.397,3.544],[-3.512,1.301],[-3.115,0.351],[-2.165,0.748],[-0.341,2.089],[1.893,0.818],[1.145,-2.362],[1.256,-3.386],[2.28,-3.274],[3.194,1.472]],"c":true},"ix":2},"nm":"Path 1","mn":"ADBE Vector Shape - Group","hd":false},{"ty":"fl","c":{"a":0,"k":[0.850980401039,0.780392169952,0.75686275959,1],"ix":4},"o":{"a":0,"k":100,"ix":5},"r":1,"bm":0,"nm":"Fill 1","mn":"ADBE Vector Graphic - Fill","hd":false},{"ty":"tr","p":{"a":0,"k":[554.861,377.414],"ix":2},"a":{"a":0,"k":[0,0],"ix":1},"s":{"a":0,"k":[100,100],"ix":3},"r":{"a":0,"k":0,"ix":6},"o":{"a":0,"k":100,"ix":7},"sk":{"a":0,"k":0,"ix":4},"sa":{"a":0,"k":0,"ix":5},"nm":"Transform"}],"nm":"Group 3","np":2,"cix":2,"bm":1,"ix":3,"mn":"ADBE Vector Group","hd":false},{"ty":"gr","it":[{"ind":0,"ty":"sh","ix":1,"ks":{"a":0,"k":{"i":[[1.444,0],[0.049,0.001],[0.562,1.371],[-0.372,0.152],[-0.153,-0.373],[-0.484,-0.019],[-0.395,0.783],[0.932,1.158],[-0.313,0.252],[-0.256,-0.315],[0.417,-0.83]],"o":[[-0.049,0],[-1.417,-0.055],[-0.153,-0.372],[0.367,-0.158],[0.461,1.123],[0.915,0.025],[0.449,-0.892],[-0.251,-0.313],[0.309,-0.251],[1.767,2.197],[-0.631,1.254]],"v":[[-0.251,3.546],[-0.397,3.544],[-3.512,1.301],[-3.115,0.351],[-2.165,0.748],[-0.341,2.089],[1.893,0.818],[1.145,-2.362],[1.256,-3.386],[2.28,-3.274],[3.194,1.472]],"c":true},"ix":2},"nm":"Path 1","mn":"ADBE Vector Shape - Group","hd":false},{"ty":"fl","c":{"a":0,"k":[0.850980401039,0.780392169952,0.75686275959,1],"ix":4},"o":{"a":0,"k":100,"ix":5},"r":1,"bm":0,"nm":"Fill 1","mn":"ADBE Vector Graphic - Fill","hd":false},{"ty":"tr","p":{"a":0,"k":[491.349,377.01],"ix":2},"a":{"a":0,"k":[0,0],"ix":1},"s":{"a":0,"k":[100,100],"ix":3},"r":{"a":0,"k":0,"ix":6},"o":{"a":0,"k":100,"ix":7},"sk":{"a":0,"k":0,"ix":4},"sa":{"a":0,"k":0,"ix":5},"nm":"Transform"}],"nm":"Group 4","np":2,"cix":2,"bm":1,"ix":4,"mn":"ADBE Vector Group","hd":false},{"ty":"gr","it":[{"ind":0,"ty":"sh","ix":1,"ks":{"a":0,"k":{"i":[[0.273,0],[0.846,1.114],[-0.617,1.388],[-0.367,-0.161],[0.164,-0.367],[-0.491,-0.646],[-1.338,0.192],[-0.533,1.433],[-0.27,0.033],[-0.153,-0.224],[-0.67,0.359],[0.37,0.946],[-0.374,0.146],[-0.147,-0.374],[1.188,-0.626],[0.918,0.717],[1.336,-0.198]],"o":[[-1.59,0],[-0.813,-1.07],[0.164,-0.369],[0.367,0.162],[-0.402,0.906],[0.668,0.882],[0.703,-0.104],[0.095,-0.256],[0.271,-0.033],[0.268,0.396],[0.608,-0.32],[-0.147,-0.374],[0.377,-0.146],[0.672,1.717],[-0.685,0.364],[-0.698,1.005],[-0.274,0.04]],"v":[[-1.742,3.063],[-5.701,1.283],[-6.005,-2.529],[-5.044,-2.898],[-4.675,-1.937],[-4.541,0.401],[-1.134,1.562],[1.36,-0.363],[1.955,-0.832],[2.645,-0.519],[4.138,0.128],[4.804,-2.069],[5.216,-3.013],[6.16,-2.6],[4.817,1.416],[2.207,1.139],[-0.92,3.003]],"c":true},"ix":2},"nm":"Path 1","mn":"ADBE Vector Shape - Group","hd":false},{"ty":"fl","c":{"a":0,"k":[0.850980401039,0.780392169952,0.75686275959,1],"ix":4},"o":{"a":0,"k":100,"ix":5},"r":1,"bm":0,"nm":"Fill 1","mn":"ADBE Vector Graphic - Fill","hd":false},{"ty":"tr","p":{"a":0,"k":[454.408,378.549],"ix":2},"a":{"a":0,"k":[0,0],"ix":1},"s":{"a":0,"k":[100,100],"ix":3},"r":{"a":0,"k":0,"ix":6},"o":{"a":0,"k":100,"ix":7},"sk":{"a":0,"k":0,"ix":4},"sa":{"a":0,"k":0,"ix":5},"nm":"Transform"}],"nm":"Group 5","np":2,"cix":2,"bm":1,"ix":5,"mn":"ADBE Vector Group","hd":false},{"ty":"gr","it":[{"ind":0,"ty":"sh","ix":1,"ks":{"a":0,"k":{"i":[[0,0],[0,0],[-10.012,2.427],[0,0],[0,0],[-2.731,4.248],[0,0],[0,0],[1.517,5.765],[1.517,2.124],[0,0],[1.517,0],[0,0]],"o":[[-4.551,4.248],[-1.517,4.248],[14.867,4.248],[6.978,3.944],[15.474,4.551],[12.136,6.372],[11.833,3.641],[12.136,4.551],[2.124,-9.405],[-1.517,-2.124],[0,0],[-1.517,0],[0,0]],"v":[[-71.529,2.737],[-73.349,10.626],[-57.269,17.908],[-33.907,19.121],[-17.826,19.728],[15.548,19.121],[36.179,17.908],[51.956,16.087],[73.195,9.412],[71.981,-5.454],[51.653,-18.501],[-37.851,-22.748],[-71.832,-8.792]],"c":true},"ix":2},"nm":"Path 1","mn":"ADBE Vector Shape - Group","hd":false},{"ty":"fl","c":{"a":0,"k":[0.541176497936,0.180392161012,0.133333340287,1],"ix":4},"o":{"a":0,"k":100,"ix":5},"r":1,"bm":0,"nm":"Fill 1","mn":"ADBE Vector Graphic - Fill","hd":false},{"ty":"tr","p":{"a":0,"k":[488.739,376.713],"ix":2},"a":{"a":0,"k":[0,0],"ix":1},"s":{"a":0,"k":[100,100],"ix":3},"r":{"a":0,"k":0,"ix":6},"o":{"a":0,"k":100,"ix":7},"sk":{"a":0,"k":0,"ix":4},"sa":{"a":0,"k":0,"ix":5},"nm":"Transform"}],"nm":"Group 6","np":2,"cix":2,"bm":0,"ix":6,"mn":"ADBE Vector Group","hd":false},{"ty":"tr","p":{"a":0,"k":[488.739,376.713],"ix":2},"a":{"a":0,"k":[488.739,376.713],"ix":1},"s":{"a":0,"k":[100,100],"ix":3},"r":{"a":0,"k":0,"ix":6},"o":{"a":0,"k":100,"ix":7},"sk":{"a":0,"k":0,"ix":4},"sa":{"a":0,"k":0,"ix":5},"nm":"Transform"}],"nm":"Group 14","np":6,"cix":2,"bm":0,"ix":14,"mn":"ADBE Vector Group","hd":false},{"ty":"gr","it":[{"ind":0,"ty":"sh","ix":1,"ks":{"a":0,"k":{"i":[[-0.612,0.572],[-0.572,-0.612],[0.612,-0.572],[0.572,0.612]],"o":[[0.612,-0.572],[0.572,0.612],[-0.612,0.572],[-0.572,-0.612]],"v":[[-0.298,-1.764],[1.846,-1.692],[1.773,0.452],[-2.144,2.037]],"c":true},"ix":2},"nm":"Path 1","mn":"ADBE Vector Shape - Group","hd":false},{"ty":"fl","c":{"a":0,"k":[1,0.760784327984,0.486274510622,1],"ix":4},"o":{"a":0,"k":100,"ix":5},"r":1,"bm":0,"nm":"Fill 1","mn":"ADBE Vector Graphic - Fill","hd":false},{"ty":"tr","p":{"a":0,"k":[476.85,269.101],"ix":2},"a":{"a":0,"k":[0,0],"ix":1},"s":{"a":0,"k":[100,100],"ix":3},"r":{"a":0,"k":0,"ix":6},"o":{"a":0,"k":100,"ix":7},"sk":{"a":0,"k":0,"ix":4},"sa":{"a":0,"k":0,"ix":5},"nm":"Transform"}],"nm":"Group 15","np":2,"cix":2,"bm":0,"ix":15,"mn":"ADBE Vector Group","hd":false},{"ty":"gr","it":[{"ind":0,"ty":"sh","ix":1,"ks":{"a":0,"k":{"i":[[0.805,0.232],[-0.232,0.805],[-0.805,-0.232],[0.232,-0.805]],"o":[[-0.805,-0.232],[0.232,-0.805],[0.805,0.232],[-0.232,0.805]],"v":[[-1.564,1.383],[-2.6,-0.496],[-0.722,-1.532],[2.647,1.019]],"c":true},"ix":2},"nm":"Path 1","mn":"ADBE Vector Shape - Group","hd":false},{"ty":"fl","c":{"a":0,"k":[1,0.760784327984,0.486274510622,1],"ix":4},"o":{"a":0,"k":100,"ix":5},"r":1,"bm":0,"nm":"Fill 1","mn":"ADBE Vector Graphic - Fill","hd":false},{"ty":"tr","p":{"a":0,"k":[504.59,297.532],"ix":2},"a":{"a":0,"k":[0,0],"ix":1},"s":{"a":0,"k":[100,100],"ix":3},"r":{"a":0,"k":0,"ix":6},"o":{"a":0,"k":100,"ix":7},"sk":{"a":0,"k":0,"ix":4},"sa":{"a":0,"k":0,"ix":5},"nm":"Transform"}],"nm":"Group 16","np":2,"cix":2,"bm":0,"ix":16,"mn":"ADBE Vector Group","hd":false},{"ty":"gr","it":[{"ind":0,"ty":"sh","ix":1,"ks":{"a":0,"k":{"i":[[0,0],[-6.675,2.427],[-3.843,-3.236],[-3.236,-4.045],[-11.934,-2.023],[-4.854,4.45],[-5.866,-2.225],[-2.427,-1.214],[-7.282,-2.023],[-4.652,-4.652],[-10.316,-1.618],[-1.82,2.832],[-5.664,-4.652],[-3.439,1.618],[-6.068,-1.618],[0,7.888],[4.652,2.629],[0,0],[2.427,0]],"o":[[-15.372,3.034],[6.675,-2.427],[3.843,3.236],[3.236,4.045],[11.934,2.023],[4.854,-4.45],[5.866,2.225],[2.427,1.214],[7.282,2.023],[4.652,4.652],[10.316,1.618],[1.82,-2.832],[5.663,4.652],[3.439,-1.618],[6.068,1.618],[0,-7.888],[-4.652,-2.63],[0,0],[-2.427,0]],"v":[[-68.22,-6.357],[-78.738,6.588],[-66.198,2.745],[-52.039,3.756],[-47.387,15.285],[-31.61,6.385],[-20.687,2.947],[-4.101,2.34],[5.607,6.992],[16.935,5.779],[24.621,17.915],[43.634,6.588],[52.332,3.554],[61.029,2.542],[67.906,2.542],[81.054,-0.492],[80.042,-15.055],[69.524,-18.089],[61.231,-17.482]],"c":true},"ix":2},"nm":"Path 1","mn":"ADBE Vector Shape - Group","hd":false},{"ty":"fl","c":{"a":0,"k":[0.603921592236,0.811764717102,0.349019616842,1],"ix":4},"o":{"a":0,"k":100,"ix":5},"r":1,"bm":0,"nm":"Fill 1","mn":"ADBE Vector Graphic - Fill","hd":false},{"ty":"tr","p":{"a":0,"k":[490.488,400.169],"ix":2},"a":{"a":0,"k":[0,0],"ix":1},"s":{"a":0,"k":[100,100],"ix":3},"r":{"a":0,"k":0,"ix":6},"o":{"a":0,"k":100,"ix":7},"sk":{"a":0,"k":0,"ix":4},"sa":{"a":0,"k":0,"ix":5},"nm":"Transform"}],"nm":"Group 17","np":2,"cix":2,"bm":0,"ix":17,"mn":"ADBE Vector Group","hd":false},{"ty":"gr","it":[{"ind":0,"ty":"sh","ix":1,"ks":{"a":0,"k":{"i":[[0.805,0.232],[-0.232,0.805],[-0.805,-0.232],[0.232,-0.805]],"o":[[-0.805,-0.232],[0.232,-0.805],[0.805,0.232],[-0.232,0.805]],"v":[[-1.564,1.383],[-2.6,-0.496],[-0.722,-1.532],[2.647,1.019]],"c":true},"ix":2},"nm":"Path 1","mn":"ADBE Vector Shape - Group","hd":false},{"ty":"fl","c":{"a":0,"k":[1,0.760784327984,0.486274510622,1],"ix":4},"o":{"a":0,"k":100,"ix":5},"r":1,"bm":0,"nm":"Fill 1","mn":"ADBE Vector Graphic - Fill","hd":false},{"ty":"tr","p":{"a":0,"k":[538.99,302.402],"ix":2},"a":{"a":0,"k":[0,0],"ix":1},"s":{"a":0,"k":[100,100],"ix":3},"r":{"a":0,"k":0,"ix":6},"o":{"a":0,"k":100,"ix":7},"sk":{"a":0,"k":0,"ix":4},"sa":{"a":0,"k":0,"ix":5},"nm":"Transform"}],"nm":"Group 18","np":2,"cix":2,"bm":0,"ix":18,"mn":"ADBE Vector Group","hd":false},{"ty":"gr","it":[{"ind":0,"ty":"sh","ix":1,"ks":{"a":0,"k":{"i":[[0.805,0.232],[-0.232,0.805],[-0.805,-0.232],[0.232,-0.805]],"o":[[-0.805,-0.232],[0.232,-0.805],[0.805,0.232],[-0.232,0.805]],"v":[[-1.564,1.383],[-2.6,-0.496],[-0.722,-1.532],[2.647,1.019]],"c":true},"ix":2},"nm":"Path 1","mn":"ADBE Vector Shape - Group","hd":false},{"ty":"fl","c":{"a":0,"k":[1,0.760784327984,0.486274510622,1],"ix":4},"o":{"a":0,"k":100,"ix":5},"r":1,"bm":0,"nm":"Fill 1","mn":"ADBE Vector Graphic - Fill","hd":false},{"ty":"tr","p":{"a":0,"k":[456.768,279.343],"ix":2},"a":{"a":0,"k":[0,0],"ix":1},"s":{"a":0,"k":[100,100],"ix":3},"r":{"a":0,"k":0,"ix":6},"o":{"a":0,"k":100,"ix":7},"sk":{"a":0,"k":0,"ix":4},"sa":{"a":0,"k":0,"ix":5},"nm":"Transform"}],"nm":"Group 19","np":2,"cix":2,"bm":0,"ix":19,"mn":"ADBE Vector Group","hd":false},{"ty":"gr","it":[{"ind":0,"ty":"sh","ix":1,"ks":{"a":0,"k":{"i":[[0.805,0.232],[-0.232,0.805],[-0.805,-0.232],[0.232,-0.805]],"o":[[-0.805,-0.232],[0.232,-0.805],[0.805,0.232],[-0.232,0.805]],"v":[[-1.564,1.383],[-2.6,-0.496],[-0.722,-1.532],[2.647,1.019]],"c":true},"ix":2},"nm":"Path 1","mn":"ADBE Vector Shape - Group","hd":false},{"ty":"fl","c":{"a":0,"k":[1,0.760784327984,0.486274510622,1],"ix":4},"o":{"a":0,"k":100,"ix":5},"r":1,"bm":0,"nm":"Fill 1","mn":"ADBE Vector Graphic - Fill","hd":false},{"ty":"tr","p":{"a":0,"k":[497.309,280.541],"ix":2},"a":{"a":0,"k":[0,0],"ix":1},"s":{"a":0,"k":[100,100],"ix":3},"r":{"a":0,"k":0,"ix":6},"o":{"a":0,"k":100,"ix":7},"sk":{"a":0,"k":0,"ix":4},"sa":{"a":0,"k":0,"ix":5},"nm":"Transform"}],"nm":"Group 20","np":2,"cix":2,"bm":0,"ix":20,"mn":"ADBE Vector Group","hd":false},{"ty":"gr","it":[{"ind":0,"ty":"sh","ix":1,"ks":{"a":0,"k":{"i":[[6.807,0],[0,0],[0,6.807],[0,0],[0,0],[0,0]],"o":[[0,0],[-6.807,0],[0,0],[0,0],[0,0],[0,6.807]],"v":[[57.457,18.963],[-57.457,18.963],[-69.783,6.637],[-69.783,-18.963],[69.783,-18.963],[69.783,6.637]],"c":true},"ix":2},"nm":"Path 1","mn":"ADBE Vector Shape - Group","hd":false},{"ty":"fl","c":{"a":0,"k":[0.78823530674,0.372549027205,0.196078434587,1],"ix":4},"o":{"a":0,"k":100,"ix":5},"r":1,"bm":0,"nm":"Fill 1","mn":"ADBE Vector Graphic - Fill","hd":false},{"ty":"tr","p":{"a":0,"k":[489.117,417.831],"ix":2},"a":{"a":0,"k":[0,0],"ix":1},"s":{"a":0,"k":[100,100],"ix":3},"r":{"a":0,"k":0,"ix":6},"o":{"a":0,"k":100,"ix":7},"sk":{"a":0,"k":0,"ix":4},"sa":{"a":0,"k":0,"ix":5},"nm":"Transform"}],"nm":"Group 21","np":2,"cix":2,"bm":0,"ix":21,"mn":"ADBE Vector Group","hd":false},{"ty":"gr","it":[{"ind":0,"ty":"sh","ix":1,"ks":{"a":0,"k":{"i":[[-0.288,0.787],[-0.787,-0.288],[0.288,-0.787],[0.787,0.288]],"o":[[0.288,-0.787],[0.787,0.288],[-0.288,0.787],[-0.787,-0.288]],"v":[[-1.282,-1.625],[0.664,-2.529],[1.568,-0.583],[-1.212,2.6]],"c":true},"ix":2},"nm":"Path 1","mn":"ADBE Vector Shape - Group","hd":false},{"ty":"fl","c":{"a":0,"k":[1,0.760784327984,0.486274510622,1],"ix":4},"o":{"a":0,"k":100,"ix":5},"r":1,"bm":0,"nm":"Fill 1","mn":"ADBE Vector Graphic - Fill","hd":false},{"ty":"tr","p":{"a":0,"k":[464.512,301.44],"ix":2},"a":{"a":0,"k":[0,0],"ix":1},"s":{"a":0,"k":[100,100],"ix":3},"r":{"a":0,"k":0,"ix":6},"o":{"a":0,"k":100,"ix":7},"sk":{"a":0,"k":0,"ix":4},"sa":{"a":0,"k":0,"ix":5},"nm":"Transform"}],"nm":"Group 22","np":2,"cix":2,"bm":0,"ix":22,"mn":"ADBE Vector Group","hd":false},{"ty":"gr","it":[{"ind":0,"ty":"sh","ix":1,"ks":{"a":0,"k":{"i":[[-0.288,0.787],[-0.787,-0.288],[0.288,-0.787],[0.787,0.288]],"o":[[0.288,-0.787],[0.787,0.288],[-0.288,0.787],[-0.787,-0.288]],"v":[[-1.282,-1.625],[0.664,-2.529],[1.568,-0.583],[-1.212,2.6]],"c":true},"ix":2},"nm":"Path 1","mn":"ADBE Vector Shape - Group","hd":false},{"ty":"fl","c":{"a":0,"k":[1,0.760784327984,0.486274510622,1],"ix":4},"o":{"a":0,"k":100,"ix":5},"r":1,"bm":0,"nm":"Fill 1","mn":"ADBE Vector Graphic - Fill","hd":false},{"ty":"tr","p":{"a":0,"k":[420.548,301.476],"ix":2},"a":{"a":0,"k":[0,0],"ix":1},"s":{"a":0,"k":[100,100],"ix":3},"r":{"a":0,"k":0,"ix":6},"o":{"a":0,"k":100,"ix":7},"sk":{"a":0,"k":0,"ix":4},"sa":{"a":0,"k":0,"ix":5},"nm":"Transform"}],"nm":"Group 23","np":2,"cix":2,"bm":0,"ix":23,"mn":"ADBE Vector Group","hd":false},{"ty":"gr","it":[{"ind":0,"ty":"sh","ix":1,"ks":{"a":0,"k":{"i":[[0,-0.838],[0.838,0],[0,0.838],[-0.838,0]],"o":[[0,0.838],[-0.838,0],[0,-0.838],[0.838,0]],"v":[[1.517,1.214],[0,2.731],[-1.517,1.214],[0,-2.731]],"c":true},"ix":2},"nm":"Path 1","mn":"ADBE Vector Shape - Group","hd":false},{"ty":"fl","c":{"a":0,"k":[1,0.760784327984,0.486274510622,1],"ix":4},"o":{"a":0,"k":100,"ix":5},"r":1,"bm":0,"nm":"Fill 1","mn":"ADBE Vector Graphic - Fill","hd":false},{"ty":"tr","p":{"a":0,"k":[541.606,289.037],"ix":2},"a":{"a":0,"k":[0,0],"ix":1},"s":{"a":0,"k":[100,100],"ix":3},"r":{"a":0,"k":0,"ix":6},"o":{"a":0,"k":100,"ix":7},"sk":{"a":0,"k":0,"ix":4},"sa":{"a":0,"k":0,"ix":5},"nm":"Transform"}],"nm":"Group 24","np":2,"cix":2,"bm":0,"ix":24,"mn":"ADBE Vector Group","hd":false},{"ty":"gr","it":[{"ind":0,"ty":"sh","ix":1,"ks":{"a":0,"k":{"i":[[0,-0.838],[0.838,0],[0,0.838],[-0.838,0]],"o":[[0,0.838],[-0.838,0],[0,-0.838],[0.838,0]],"v":[[1.517,1.214],[0,2.731],[-1.517,1.214],[0,-2.731]],"c":true},"ix":2},"nm":"Path 1","mn":"ADBE Vector Shape - Group","hd":false},{"ty":"fl","c":{"a":0,"k":[1,0.760784327984,0.486274510622,1],"ix":4},"o":{"a":0,"k":100,"ix":5},"r":1,"bm":0,"nm":"Fill 1","mn":"ADBE Vector Graphic - Fill","hd":false},{"ty":"tr","p":{"a":0,"k":[439.662,290.25],"ix":2},"a":{"a":0,"k":[0,0],"ix":1},"s":{"a":0,"k":[100,100],"ix":3},"r":{"a":0,"k":0,"ix":6},"o":{"a":0,"k":100,"ix":7},"sk":{"a":0,"k":0,"ix":4},"sa":{"a":0,"k":0,"ix":5},"nm":"Transform"}],"nm":"Group 25","np":2,"cix":2,"bm":0,"ix":25,"mn":"ADBE Vector Group","hd":false},{"ty":"gr","it":[{"ind":0,"ty":"sh","ix":1,"ks":{"a":0,"k":{"i":[[0,-0.838],[0.838,0],[0,0.838],[-0.838,0]],"o":[[0,0.838],[-0.838,0],[0,-0.838],[0.838,0]],"v":[[1.517,1.214],[0,2.731],[-1.517,1.214],[0,-2.731]],"c":true},"ix":2},"nm":"Path 1","mn":"ADBE Vector Shape - Group","hd":false},{"ty":"fl","c":{"a":0,"k":[1,0.760784327984,0.486274510622,1],"ix":4},"o":{"a":0,"k":100,"ix":5},"r":1,"bm":0,"nm":"Fill 1","mn":"ADBE Vector Graphic - Fill","hd":false},{"ty":"tr","p":{"a":0,"k":[477.284,288.43],"ix":2},"a":{"a":0,"k":[0,0],"ix":1},"s":{"a":0,"k":[100,100],"ix":3},"r":{"a":0,"k":0,"ix":6},"o":{"a":0,"k":100,"ix":7},"sk":{"a":0,"k":0,"ix":4},"sa":{"a":0,"k":0,"ix":5},"nm":"Transform"}],"nm":"Group 26","np":2,"cix":2,"bm":0,"ix":26,"mn":"ADBE Vector Group","hd":false},{"ty":"gr","it":[{"ind":0,"ty":"sh","ix":1,"ks":{"a":0,"k":{"i":[[42.729,0],[0,-26.643],[0,0]],"o":[[-42.729,0],[0,0],[0,-26.643]],"v":[[0,-24.121],[-77.368,24.121],[77.368,24.121]],"c":true},"ix":2},"nm":"Path 1","mn":"ADBE Vector Shape - Group","hd":false},{"ty":"fl","c":{"a":0,"k":[0.78823530674,0.372549027205,0.196078434587,1],"ix":4},"o":{"a":0,"k":100,"ix":5},"r":1,"bm":0,"nm":"Fill 1","mn":"ADBE Vector Graphic - Fill","hd":false},{"ty":"tr","p":{"a":0,"k":[487.752,287.368],"ix":2},"a":{"a":0,"k":[0,0],"ix":1},"s":{"a":0,"k":[100,100],"ix":3},"r":{"a":0,"k":0,"ix":6},"o":{"a":0,"k":100,"ix":7},"sk":{"a":0,"k":0,"ix":4},"sa":{"a":0,"k":0,"ix":5},"nm":"Transform"}],"nm":"Group 27","np":2,"cix":2,"bm":0,"ix":27,"mn":"ADBE Vector Group","hd":false}],"ip":130.13013013013,"op":300.3003003003,"st":0,"bm":0},{"ddd":0,"ind":11,"ty":4,"nm":"Shape Layer 1","parent":12,"sr":1,"ks":{"o":{"a":0,"k":100,"ix":11},"r":{"a":0,"k":14,"ix":10},"p":{"a":0,"k":[487.781,358.097,0],"ix":2,"l":2},"a":{"a":0,"k":[-82,32,0],"ix":1,"l":2},"s":{"a":0,"k":[75,75,100],"ix":6,"l":2}},"ao":0,"shapes":[{"ty":"gr","it":[{"d":1,"ty":"el","s":{"a":0,"k":[204,204],"ix":2},"p":{"a":0,"k":[0,0],"ix":3},"nm":"Ellipse Path 1","mn":"ADBE Vector Shape - Ellipse","hd":false},{"ty":"st","c":{"a":0,"k":[0.03529400171,0.03529400171,0.03529400171,1],"ix":3},"o":{"a":0,"k":100,"ix":4},"w":{"a":0,"k":3,"ix":5},"lc":1,"lj":1,"ml":4,"bm":0,"nm":"Stroke 1","mn":"ADBE Vector Graphic - Stroke","hd":false},{"ty":"fl","c":{"a":0,"k":[0.078431372549,0.298039215686,0.400000029919,1],"ix":4},"o":{"a":0,"k":100,"ix":5},"r":1,"bm":0,"nm":"Fill 1","mn":"ADBE Vector Graphic - Fill","hd":false},{"ty":"tr","p":{"a":0,"k":[-82,32],"ix":2},"a":{"a":0,"k":[0,0],"ix":1},"s":{"a":0,"k":[100,100],"ix":3},"r":{"a":0,"k":0,"ix":6},"o":{"a":0,"k":100,"ix":7},"sk":{"a":0,"k":0,"ix":4},"sa":{"a":0,"k":0,"ix":5},"nm":"Transform"}],"nm":"Ellipse 1","np":3,"cix":2,"bm":0,"ix":1,"mn":"ADBE Vector Group","hd":false}],"ip":0,"op":130.13013013013,"st":0,"bm":0},{"ddd":0,"ind":12,"ty":3,"nm":"Layer 13","parent":19,"sr":1,"ks":{"o":{"a":0,"k":100,"ix":11},"r":{"a":0,"k":0,"ix":10},"p":{"a":0,"k":[1.793,-58.913,0],"ix":2,"l":2},"a":{"a":0,"k":[488.624,350.02,0],"ix":1,"l":2},"s":{"a":1,"k":[{"i":{"x":[0.667,0.667,0.667],"y":[1,1,1]},"o":{"x":[0.733,0.733,0.333],"y":[0,0,0]},"t":110.109,"s":[100,100,100]},{"i":{"x":[0.335,0.335,0.667],"y":[1,1,1]},"o":{"x":[0.28,0.28,0.333],"y":[0,0,0]},"t":130.131,"s":[120,120,100]},{"t":146.146484375,"s":[100,100,100]}],"ix":6,"l":2}},"ao":0,"ip":0,"op":130.13013013013,"st":0,"bm":0},{"ddd":0,"ind":13,"ty":4,"nm":"Layer 12","parent":5,"sr":1,"ks":{"o":{"a":0,"k":100,"ix":11},"r":{"a":0,"k":0,"ix":10},"p":{"a":0,"k":[50,50,0],"ix":2,"l":2},"a":{"a":0,"k":[0,0,0],"ix":1,"l":2},"s":{"a":0,"k":[100,100,100],"ix":6,"l":2}},"ao":0,"shapes":[],"ip":0,"op":300.3003003003,"st":0,"bm":0},{"ddd":0,"ind":14,"ty":4,"nm":"Layer 11","parent":5,"sr":1,"ks":{"o":{"a":0,"k":100,"ix":11},"r":{"a":0,"k":0,"ix":10},"p":{"a":0,"k":[73.626,-176.623,0],"ix":2,"l":2},"a":{"a":0,"k":[0,0,0],"ix":1,"l":2},"s":{"a":0,"k":[100,100,100],"ix":6,"l":2}},"ao":0,"shapes":[{"ty":"gr","it":[{"ind":0,"ty":"sh","ix":1,"ks":{"a":0,"k":{"i":[[3.668,0],[0,0],[0,3.668],[0,0],[-3.668,0],[0,0],[0,-3.668],[0,0]],"o":[[0,0],[-3.668,0],[0,0],[0,-3.668],[0,0],[3.668,0],[0,0],[0,3.668]],"v":[[3.247,6.641],[-3.247,6.641],[-9.887,0],[-9.887,0],[-3.247,-6.641],[3.247,-6.641],[9.887,0],[9.887,0]],"c":true},"ix":2},"nm":"Path 1","mn":"ADBE Vector Shape - Group","hd":false},{"ty":"fl","c":{"a":0,"k":[0.04705882445,0.176470592618,0.235294118524,1],"ix":4},"o":{"a":0,"k":100,"ix":5},"r":1,"bm":0,"nm":"Fill 1","mn":"ADBE Vector Graphic - Fill","hd":false},{"ty":"tr","p":{"a":0,"k":[0,0],"ix":2},"a":{"a":0,"k":[0,0],"ix":1},"s":{"a":0,"k":[100,100],"ix":3},"r":{"a":0,"k":0,"ix":6},"o":{"a":0,"k":100,"ix":7},"sk":{"a":0,"k":0,"ix":4},"sa":{"a":0,"k":0,"ix":5},"nm":"Transform"}],"nm":"Group 1","np":2,"cix":2,"bm":0,"ix":1,"mn":"ADBE Vector Group","hd":false}],"ip":0,"op":300.3003003003,"st":0,"bm":0},{"ddd":0,"ind":15,"ty":4,"nm":"Layer 10","parent":19,"sr":1,"ks":{"o":{"a":0,"k":100,"ix":11},"r":{"a":0,"k":0,"ix":10},"p":{"a":0,"k":[-24.643,-226.768,0],"ix":2,"l":2},"a":{"a":0,"k":[0,0,0],"ix":1,"l":2},"s":{"a":0,"k":[100,100,100],"ix":6,"l":2}},"ao":0,"shapes":[{"ty":"gr","it":[{"ind":0,"ty":"sh","ix":1,"ks":{"a":0,"k":{"i":[[3.668,0],[0,0],[0,3.668],[0,0],[-3.668,0],[0,0],[0,-3.668],[0,0]],"o":[[0,0],[-3.668,0],[0,0],[0,-3.668],[0,0],[3.668,0],[0,0],[0,3.668]],"v":[[21.693,6.641],[-21.693,6.641],[-28.334,0],[-28.334,0],[-21.693,-6.641],[21.693,-6.641],[28.334,0],[28.334,0]],"c":true},"ix":2},"nm":"Path 1","mn":"ADBE Vector Shape - Group","hd":false},{"ty":"fl","c":{"a":0,"k":[0.04705882445,0.176470592618,0.235294118524,1],"ix":4},"o":{"a":0,"k":100,"ix":5},"r":1,"bm":0,"nm":"Fill 1","mn":"ADBE Vector Graphic - Fill","hd":false},{"ty":"tr","p":{"a":0,"k":[0,0],"ix":2},"a":{"a":0,"k":[0,0],"ix":1},"s":{"a":0,"k":[100,100],"ix":3},"r":{"a":0,"k":0,"ix":6},"o":{"a":0,"k":100,"ix":7},"sk":{"a":0,"k":0,"ix":4},"sa":{"a":0,"k":0,"ix":5},"nm":"Transform"}],"nm":"Group 1","np":2,"cix":2,"bm":0,"ix":1,"mn":"ADBE Vector Group","hd":false}],"ip":0,"op":300.3003003003,"st":0,"bm":0},{"ddd":0,"ind":16,"ty":4,"nm":"Layer 9","parent":19,"sr":1,"ks":{"o":{"a":0,"k":100,"ix":11},"r":{"a":0,"k":0,"ix":10},"p":{"a":0,"k":[1.793,-58.913,0],"ix":2,"l":2},"a":{"a":0,"k":[0,0,0],"ix":1,"l":2},"s":{"a":0,"k":[100,100,100],"ix":6,"l":2}},"ao":0,"shapes":[{"ty":"gr","it":[{"ind":0,"ty":"sh","ix":1,"ks":{"a":0,"k":{"i":[[0,0],[0,0],[0,0],[0,0]],"o":[[0,0],[0,0],[0,0],[0,0]],"v":[[138.719,121.896],[-138.719,121.896],[-138.719,-121.896],[138.719,-121.896]],"c":true},"ix":2},"nm":"Path 1","mn":"ADBE Vector Shape - Group","hd":false},{"ty":"fl","c":{"a":0,"k":[0.772549033165,0.921568632126,0.929411768913,1],"ix":4},"o":{"a":0,"k":100,"ix":5},"r":1,"bm":0,"nm":"Fill 1","mn":"ADBE Vector Graphic - Fill","hd":false},{"ty":"tr","p":{"a":0,"k":[0,0],"ix":2},"a":{"a":0,"k":[0,0],"ix":1},"s":{"a":0,"k":[100,100],"ix":3},"r":{"a":0,"k":0,"ix":6},"o":{"a":0,"k":100,"ix":7},"sk":{"a":0,"k":0,"ix":4},"sa":{"a":0,"k":0,"ix":5},"nm":"Transform"}],"nm":"Group 1","np":2,"cix":2,"bm":1,"ix":1,"mn":"ADBE Vector Group","hd":false}],"ip":0,"op":300.3003003003,"st":0,"bm":1},{"ddd":0,"ind":17,"ty":4,"nm":"Layer 8","parent":5,"sr":1,"ks":{"o":{"a":0,"k":100,"ix":11},"r":{"a":0,"k":0,"ix":10},"p":{"a":0,"k":[50,50,0],"ix":2,"l":2},"a":{"a":0,"k":[0,0,0],"ix":1,"l":2},"s":{"a":0,"k":[100,100,100],"ix":6,"l":2}},"ao":0,"shapes":[{"ty":"gr","it":[{"ind":0,"ty":"sh","ix":1,"ks":{"a":0,"k":{"i":[[0,0],[0,0],[0,0],[0,0]],"o":[[0,0],[0,0],[0,0],[0,0]],"v":[[-149.344,201.88],[-149.344,-201.88],[149.344,-201.88],[149.344,201.88]],"c":true},"ix":2},"nm":"Path 1","mn":"ADBE Vector Shape - Group","hd":false},{"ty":"fl","c":{"a":0,"k":[1,1,1,1],"ix":4},"o":{"a":0,"k":100,"ix":5},"r":1,"bm":0,"nm":"Fill 1","mn":"ADBE Vector Graphic - Fill","hd":false},{"ty":"tr","p":{"a":0,"k":[0,0],"ix":2},"a":{"a":0,"k":[0,0],"ix":1},"s":{"a":0,"k":[100,100],"ix":3},"r":{"a":0,"k":0,"ix":6},"o":{"a":0,"k":100,"ix":7},"sk":{"a":0,"k":0,"ix":4},"sa":{"a":0,"k":0,"ix":5},"nm":"Transform"}],"nm":"Group 1","np":2,"cix":2,"bm":0,"ix":1,"mn":"ADBE Vector Group","hd":false}],"ip":0,"op":300.3003003003,"st":0,"bm":0},{"ddd":0,"ind":18,"ty":4,"nm":"Layer 7","parent":5,"sr":1,"ks":{"o":{"a":0,"k":100,"ix":11},"r":{"a":0,"k":0,"ix":10},"p":{"a":0,"k":[50,50,0],"ix":2,"l":2},"a":{"a":0,"k":[0,0,0],"ix":1,"l":2},"s":{"a":0,"k":[100,100,100],"ix":6,"l":2}},"ao":0,"shapes":[{"ty":"gr","it":[{"ind":0,"ty":"sh","ix":1,"ks":{"a":0,"k":{"i":[[0,6.34],[0,0],[-6.34,0],[0,0],[0,-6.34],[0,0],[6.34,0],[0,0]],"o":[[0,0],[0,-6.34],[0,0],[6.34,0],[0,0],[0,6.34],[0,0],[-6.34,0]],"v":[[-154.657,234.082],[-154.657,-234.082],[-143.177,-245.562],[143.177,-245.562],[154.657,-234.082],[154.657,234.082],[143.177,245.562],[-143.177,245.562]],"c":true},"ix":2},"nm":"Path 1","mn":"ADBE Vector Shape - Group","hd":false},{"ty":"fl","c":{"a":0,"k":[0.078431375325,0.298039227724,0.40000000596,1],"ix":4},"o":{"a":0,"k":100,"ix":5},"r":1,"bm":0,"nm":"Fill 1","mn":"ADBE Vector Graphic - Fill","hd":false},{"ty":"tr","p":{"a":0,"k":[0,0],"ix":2},"a":{"a":0,"k":[0,0],"ix":1},"s":{"a":0,"k":[100,100],"ix":3},"r":{"a":0,"k":0,"ix":6},"o":{"a":0,"k":100,"ix":7},"sk":{"a":0,"k":0,"ix":4},"sa":{"a":0,"k":0,"ix":5},"nm":"Transform"}],"nm":"Group 1","np":2,"cix":2,"bm":0,"ix":1,"mn":"ADBE Vector Group","hd":false}],"ip":0,"op":300.3003003003,"st":0,"bm":0},{"ddd":0,"ind":19,"ty":4,"nm":"PHONE","parent":5,"sr":1,"ks":{"o":{"a":0,"k":100,"ix":11},"r":{"a":0,"k":0,"ix":10},"p":{"a":0,"k":[50,50,0],"ix":2,"l":2},"a":{"a":0,"k":[0,0,0],"ix":1,"l":2},"s":{"a":0,"k":[100,100,100],"ix":6,"l":2}},"ao":0,"shapes":[{"ty":"gr","it":[{"ind":0,"ty":"sh","ix":1,"ks":{"a":0,"k":{"i":[[8.876,0],[0,0],[0,8.876],[0,0],[-8.876,0],[0,0],[0,-8.876],[0,0]],"o":[[0,0],[-8.876,0],[0,0],[0,-8.876],[0,0],[8.876,0],[0,0],[0,8.876]],"v":[[143.897,250.875],[-143.897,250.875],[-159.97,234.803],[-159.97,-234.803],[-143.897,-250.875],[143.897,-250.875],[159.97,-234.803],[159.97,234.803]],"c":true},"ix":2},"nm":"Path 1","mn":"ADBE Vector Shape - Group","hd":false},{"ty":"fl","c":{"a":0,"k":[0.04705882445,0.176470592618,0.235294118524,1],"ix":4},"o":{"a":0,"k":100,"ix":5},"r":1,"bm":0,"nm":"Fill 1","mn":"ADBE Vector Graphic - Fill","hd":false},{"ty":"tr","p":{"a":0,"k":[0,0],"ix":2},"a":{"a":0,"k":[0,0],"ix":1},"s":{"a":0,"k":[100,100],"ix":3},"r":{"a":0,"k":0,"ix":6},"o":{"a":0,"k":100,"ix":7},"sk":{"a":0,"k":0,"ix":4},"sa":{"a":0,"k":0,"ix":5},"nm":"Transform"}],"nm":"Group 1","np":2,"cix":2,"bm":0,"ix":1,"mn":"ADBE Vector Group","hd":false}],"ip":0,"op":300.3003003003,"st":0,"bm":0},{"ddd":0,"ind":20,"ty":4,"nm":"HAND_1","parent":21,"sr":1,"ks":{"o":{"a":0,"k":100,"ix":11},"r":{"a":0,"k":0,"ix":10},"p":{"a":0,"k":[84,46,0],"ix":2,"l":2},"a":{"a":0,"k":[0,0,0],"ix":1,"l":2},"s":{"a":0,"k":[100,100,100],"ix":6,"l":2}},"ao":0,"shapes":[{"ty":"gr","it":[{"ind":0,"ty":"sh","ix":1,"ks":{"a":0,"k":{"i":[[27.893,-69.226],[0,0],[0,0],[0,0],[1.43,3.478],[0,0],[-24.792,-7.084],[11.511,-106.253]],"o":[[0,0],[0,0],[0,0],[0,0],[0,0],[-11.511,85.002],[24.792,7.083],[-7.593,70.094]],"v":[[-91.405,349.86],[-44.723,349.86],[91.405,-60.099],[-22.816,-344.325],[-25.063,-349.86],[-51.723,-334.294],[-64.119,-11.108],[-13.649,96.916]],"c":true},"ix":2},"nm":"Path 1","mn":"ADBE Vector Shape - Group","hd":false},{"ty":"fl","c":{"a":0,"k":[0.854901960784,0.480201691272,0.365428670247,1],"ix":4},"o":{"a":0,"k":100,"ix":5},"r":1,"bm":0,"nm":"Fill 1","mn":"ADBE Vector Graphic - Fill","hd":false},{"ty":"tr","p":{"a":0,"k":[0,0],"ix":2},"a":{"a":0,"k":[0,0],"ix":1},"s":{"a":0,"k":[100,100],"ix":3},"r":{"a":0,"k":0,"ix":6},"o":{"a":0,"k":100,"ix":7},"sk":{"a":0,"k":0,"ix":4},"sa":{"a":0,"k":0,"ix":5},"nm":"Transform"}],"nm":"Group 1","np":2,"cix":2,"bm":1,"ix":1,"mn":"ADBE Vector Group","hd":false}],"ip":0,"op":300.3003003003,"st":0,"bm":0},{"ddd":0,"ind":21,"ty":4,"nm":"HAND","sr":1,"ks":{"o":{"a":0,"k":100,"ix":11},"r":{"a":1,"k":[{"i":{"x":[0.211],"y":[1]},"o":{"x":[0.517],"y":[0]},"t":0,"s":[-24]},{"i":{"x":[0.833],"y":[1]},"o":{"x":[0.333],"y":[0]},"t":60.061,"s":[13]},{"i":{"x":[0.833],"y":[1]},"o":{"x":[0.167],"y":[0]},"t":130.131,"s":[13]},{"t":180.1796875,"s":[17]}],"ix":10},"p":{"a":1,"k":[{"i":{"x":0.667,"y":1},"o":{"x":0.333,"y":0},"t":0,"s":[-280,1314,0],"to":[54,-33.333,0],"ti":[-54,33.333,0]},{"i":{"x":0.667,"y":0.667},"o":{"x":0.333,"y":0.333},"t":60.061,"s":[44,1114,0],"to":[0,0,0],"ti":[0,0,0]},{"i":{"x":0.667,"y":1},"o":{"x":0.333,"y":0},"t":130.131,"s":[44,1114,0],"to":[-6.667,17.333,0],"ti":[6.667,-17.333,0]},{"t":180.1796875,"s":[4,1218,0]}],"ix":2,"l":2},"a":{"a":0,"k":[-96,384,0],"ix":1,"l":2},"s":{"a":0,"k":[100,100,100],"ix":6,"l":2}},"ao":0,"shapes":[{"ty":"gr","it":[{"ind":0,"ty":"sh","ix":1,"ks":{"a":0,"k":{"i":[[17.709,28.334],[5.313,-1.771],[-6.198,-15.052],[17.709,-31.876],[-8.854,-40.73],[58.635,-96.277],[0,0],[-28.363,0],[0,0],[0,0],[0,0]],"o":[[-17.709,-28.334],[-5.313,1.771],[6.198,15.052],[-17.709,31.876],[5.969,27.459],[0,0],[0,28.363],[0,0],[0,0],[0,0],[0,0]],"v":[[22.136,-378.785],[-31.876,-388.525],[-13.282,-344.253],[-46.928,-210.551],[-32.761,-79.506],[-174.432,196.442],[-174.432,343.735],[-123.076,395.09],[38.303,395.09],[174.432,-14.869],[60.21,-299.095]],"c":true},"ix":2},"nm":"Path 1","mn":"ADBE Vector Shape - Group","hd":false},{"ty":"fl","c":{"a":0,"k":[0.960784316063,0.525490224361,0.392156869173,1],"ix":4},"o":{"a":0,"k":100,"ix":5},"r":1,"bm":0,"nm":"Fill 1","mn":"ADBE Vector Graphic - Fill","hd":false},{"ty":"tr","p":{"a":0,"k":[0,0],"ix":2},"a":{"a":0,"k":[0,0],"ix":1},"s":{"a":0,"k":[100,100],"ix":3},"r":{"a":0,"k":0,"ix":6},"o":{"a":0,"k":100,"ix":7},"sk":{"a":0,"k":0,"ix":4},"sa":{"a":0,"k":0,"ix":5},"nm":"Transform"}],"nm":"Group 1","np":2,"cix":2,"bm":0,"ix":1,"mn":"ADBE Vector Group","hd":false}],"ip":0,"op":300.3003003003,"st":0,"bm":0},{"ddd":0,"ind":22,"ty":4,"nm":"BG","sr":1,"ks":{"o":{"a":0,"k":100,"ix":11},"r":{"a":0,"k":0,"ix":10},"p":{"a":0,"k":[544,540,0],"ix":2,"l":2},"a":{"a":0,"k":[4,0,0],"ix":1,"l":2},"s":{"a":0,"k":[100,100,100],"ix":6,"l":2}},"ao":0,"shapes":[{"ty":"gr","it":[{"ty":"rc","d":1,"s":{"a":0,"k":[1088,1088],"ix":2},"p":{"a":0,"k":[0,0],"ix":3},"r":{"a":0,"k":0,"ix":4},"nm":"Rectangle Path 1","mn":"ADBE Vector Shape - Rect","hd":false},{"ty":"st","c":{"a":0,"k":[0.03529400171,0.03529400171,0.03529400171,1],"ix":3},"o":{"a":0,"k":100,"ix":4},"w":{"a":0,"k":3,"ix":5},"lc":1,"lj":1,"ml":4,"bm":0,"nm":"Stroke 1","mn":"ADBE Vector Graphic - Stroke","hd":false},{"ty":"gf","o":{"a":0,"k":100,"ix":10},"r":1,"bm":0,"g":{"p":3,"k":{"a":0,"k":[0,1,1,1,0.5,0.631,0.753,0.773,1,0.263,0.506,0.545],"ix":9}},"s":{"a":0,"k":[356,-352],"ix":5},"e":{"a":0,"k":[-368,480],"ix":6},"t":1,"nm":"Gradient Fill 1","mn":"ADBE Vector Graphic - G-Fill","hd":false},{"ty":"tr","p":{"a":0,"k":[4,0],"ix":2},"a":{"a":0,"k":[0,0],"ix":1},"s":{"a":0,"k":[100,100],"ix":3},"r":{"a":0,"k":0,"ix":6},"o":{"a":0,"k":100,"ix":7},"sk":{"a":0,"k":0,"ix":4},"sa":{"a":0,"k":0,"ix":5},"nm":"Transform"}],"nm":"Rectangle 1","np":3,"cix":2,"bm":0,"ix":1,"mn":"ADBE Vector Group","hd":false}],"ip":0,"op":300.3003003003,"st":0,"bm":0}],"markers":[]}