{"v":"4.8.0","meta":{"g":"LottieFiles AE ","a":"","k":"","d":"","tc":""},"fr":60,"ip":0,"op":240,"w":500,"h":500,"nm":"Lottie_Mao","ddd":0,"assets":[{"id":"comp_0","layers":[{"ddd":0,"ind":1,"ty":0,"nm":"Pre-comp 2","refId":"comp_1","sr":1,"ks":{"o":{"a":0,"k":100,"ix":11},"r":{"a":0,"k":0,"ix":10},"p":{"a":0,"k":[187.5,406,0],"ix":2},"a":{"a":0,"k":[187.5,406,0],"ix":1},"s":{"a":0,"k":[100,100,100],"ix":6}},"ao":0,"hasMask":true,"masksProperties":[{"inv":false,"mode":"a","pt":{"a":0,"k":{"i":[[0,0],[0,0],[0,0],[0,0]],"o":[[0,0],[0,0],[0,0],[0,0]],"v":[[375,-419],[0,-419],[0,393],[375,393]],"c":true},"ix":1},"o":{"a":0,"k":100,"ix":3},"x":{"a":0,"k":0,"ix":4},"nm":"Mask 1"}],"w":375,"h":812,"ip":0,"op":3600,"st":0,"bm":0}]},{"id":"comp_1","layers":[{"ddd":0,"ind":1,"ty":0,"nm":"elementosesq","parent":7,"refId":"comp_2","sr":1,"ks":{"o":{"a":0,"k":100,"ix":11},"r":{"a":0,"k":0,"ix":10},"p":{"a":0,"k":[-9.678,122.019,0],"ix":2},"a":{"a":0,"k":[187.5,406,0],"ix":1},"s":{"a":0,"k":[-83,83,100],"ix":6}},"ao":0,"w":375,"h":812,"ip":92,"op":3692,"st":92,"bm":0},{"ddd":0,"ind":2,"ty":0,"nm":"elementosesq","parent":7,"refId":"comp_2","sr":1,"ks":{"o":{"a":0,"k":100,"ix":11},"r":{"a":0,"k":0,"ix":10},"p":{"a":0,"k":[-29.678,152.019,0],"ix":2},"a":{"a":0,"k":[187.5,406,0],"ix":1},"s":{"a":0,"k":[100,100,100],"ix":6}},"ao":0,"w":375,"h":812,"ip":89,"op":3689,"st":89,"bm":0},{"ddd":0,"ind":3,"ty":0,"nm":"pizza","parent":7,"refId":"comp_3","sr":1,"ks":{"o":{"a":0,"k":100,"ix":11},"r":{"a":0,"k":0,"ix":10},"p":{"a":0,"k":[-64.676,-34.231,0],"ix":2},"a":{"a":0,"k":[138.5,188,0],"ix":1},"s":{"a":1,"k":[{"i":{"x":[0.2,0.2,0.2],"y":[1,1,1]},"o":{"x":[0.2,0.2,0.2],"y":[0,0,0]},"t":59,"s":[0,0,100]},{"i":{"x":[0.2,0.2,0.2],"y":[1,1,1]},"o":{"x":[0.2,0.2,0.2],"y":[0,0,0]},"t":84,"s":[110,110,100]},{"i":{"x":[0.2,0.2,0.2],"y":[1,1,1]},"o":{"x":[0.2,0.2,0.2],"y":[0,0,0]},"t":101,"s":[95,95,100]},{"t":118,"s":[100,100,100]}],"ix":6}},"ao":0,"w":375,"h":812,"ip":31,"op":3631,"st":31,"bm":0},{"ddd":0,"ind":4,"ty":0,"nm":"localizacao","parent":7,"refId":"comp_4","sr":1,"ks":{"o":{"a":0,"k":100,"ix":11},"r":{"a":0,"k":0,"ix":10},"p":{"a":0,"k":[-24.676,-63.231,0],"ix":2},"a":{"a":0,"k":[178.5,139,0],"ix":1},"s":{"a":1,"k":[{"i":{"x":[0.2,0.2,0.2],"y":[1,1,1]},"o":{"x":[0.2,0.2,0.2],"y":[0,0,0]},"t":64,"s":[0,0,100]},{"i":{"x":[0.2,0.2,0.2],"y":[1,1,1]},"o":{"x":[0.2,0.2,0.2],"y":[0,0,0]},"t":89,"s":[110,110,100]},{"i":{"x":[0.2,0.2,0.2],"y":[1,1,1]},"o":{"x":[0.2,0.2,0.2],"y":[0,0,0]},"t":106,"s":[95,95,100]},{"t":123,"s":[100,100,100]}],"ix":6}},"ao":0,"w":375,"h":812,"ip":64,"op":3664,"st":64,"bm":0},{"ddd":0,"ind":5,"ty":0,"nm":"quadrados","parent":7,"refId":"comp_5","sr":1,"ks":{"o":{"a":0,"k":100,"ix":11},"r":{"a":0,"k":0,"ix":10},"p":{"a":0,"k":[-15.676,203.769,0],"ix":2},"a":{"a":0,"k":[187.5,406,0],"ix":1},"s":{"a":0,"k":[100,100,100],"ix":6}},"ao":0,"w":375,"h":812,"ip":23,"op":3623,"st":23,"bm":0},{"ddd":0,"ind":6,"ty":0,"nm":"dedos","parent":7,"refId":"comp_15","sr":1,"ks":{"o":{"a":0,"k":100,"ix":11},"r":{"a":0,"k":0,"ix":10},"p":{"a":0,"k":[-15.676,203.769,0],"ix":2},"a":{"a":0,"k":[187.5,406,0],"ix":1},"s":{"a":0,"k":[100,100,100],"ix":6}},"ao":0,"w":375,"h":812,"ip":0,"op":3600,"st":0,"bm":0},{"ddd":0,"ind":7,"ty":4,"nm":"mao","sr":1,"ks":{"o":{"a":0,"k":100,"ix":11},"r":{"a":1,"k":[{"i":{"x":[0.2],"y":[1]},"o":{"x":[0.2],"y":[0]},"t":0,"s":[-130]},{"i":{"x":[0.2],"y":[1]},"o":{"x":[0.2],"y":[0]},"t":30,"s":[2]},{"t":73,"s":[0.5]}],"ix":10},"p":{"a":0,"k":[291.894,403.747,0],"ix":2},"a":{"a":0,"k":[88.718,201.516,0],"ix":1},"s":{"a":0,"k":[100,100,100],"ix":6}},"ao":0,"shapes":[{"ty":"gr","it":[{"ind":0,"ty":"sh","ix":1,"ks":{"a":0,"k":{"i":[[0,0],[-38.252,34.989],[-10.153,8.158],[-16.316,-93.001],[0,0],[0,0],[0,0]],"o":[[0,0],[0,0],[10.153,-8.158],[0,0],[0,0],[0,0],[0,0]],"v":[[8.585,164.821],[20.912,68.012],[20.912,1.298],[54.269,115.51],[89.392,163.37],[89.437,205.031],[26.295,205.031]],"c":true},"ix":2},"nm":"Path 1","mn":"ADBE Vector Shape - Group","hd":false},{"ty":"fl","c":{"a":0,"k":[1,0.662745098039,0.662745098039,1],"ix":4},"o":{"a":0,"k":100,"ix":5},"r":1,"bm":0,"nm":"Fill 1","mn":"ADBE Vector Graphic - Fill","hd":false},{"ty":"tr","p":{"a":0,"k":[0,0],"ix":2},"a":{"a":0,"k":[0,0],"ix":1},"s":{"a":0,"k":[100,100],"ix":3},"r":{"a":0,"k":0,"ix":6},"o":{"a":0,"k":100,"ix":7},"sk":{"a":0,"k":0,"ix":4},"sa":{"a":0,"k":0,"ix":5},"nm":"Transform"}],"nm":"Caminho 3152","np":2,"cix":2,"bm":0,"ix":1,"mn":"ADBE Vector Group","hd":false}],"ip":0,"op":3600,"st":0,"bm":0},{"ddd":0,"ind":8,"ty":0,"nm":"celular","parent":7,"refId":"comp_16","sr":1,"ks":{"o":{"a":0,"k":100,"ix":11},"r":{"a":0,"k":0,"ix":10},"p":{"a":0,"k":[-15.676,203.769,0],"ix":2},"a":{"a":0,"k":[187.5,406,0],"ix":1},"s":{"a":0,"k":[100,100,100],"ix":6}},"ao":0,"w":375,"h":812,"ip":0,"op":3600,"st":0,"bm":0}]},{"id":"comp_2","layers":[{"ddd":0,"ind":1,"ty":4,"nm":"Caminho 3056","sr":1,"ks":{"o":{"a":1,"k":[{"i":{"x":[0.2],"y":[1]},"o":{"x":[0.2],"y":[0]},"t":20,"s":[100]},{"t":146,"s":[0]}],"ix":11},"r":{"a":1,"k":[{"i":{"x":[0.833],"y":[0.833]},"o":{"x":[0.167],"y":[0.167]},"t":0,"s":[0]},{"t":591,"s":[390]}],"ix":10},"p":{"a":1,"k":[{"i":{"x":0.99,"y":1},"o":{"x":0.2,"y":0},"t":0,"s":[125.954,230.277,0],"to":[0.417,-8.083,0],"ti":[-0.417,13.083,0]},{"i":{"x":0.2,"y":1},"o":{"x":0.01,"y":0},"t":30,"s":[128.454,181.777,0],"to":[0.417,-13.083,0],"ti":[0,5,0]},{"t":195,"s":[128.454,151.777,0]}],"ix":2},"a":{"a":0,"k":[3.546,3.546,0],"ix":1},"s":{"a":1,"k":[{"i":{"x":[0.2,0.2,0.2],"y":[1,1,1]},"o":{"x":[0.2,0.2,0.2],"y":[0,0,0]},"t":0,"s":[0,0,100]},{"i":{"x":[0.2,0.2,0.2],"y":[1,1,1]},"o":{"x":[0.2,0.2,0.2],"y":[0,0,0]},"t":19.916,"s":[110,110,100]},{"i":{"x":[0.2,0.2,0.2],"y":[1,1,1]},"o":{"x":[0.2,0.2,0.2],"y":[0,0,0]},"t":33.457,"s":[95,95,100]},{"t":47,"s":[100,100,100]}],"ix":6,"x":"var $bm_rt;\n$bm_rt = transform.scale;"}},"ao":0,"shapes":[{"ty":"gr","it":[{"ind":0,"ty":"sh","ix":1,"ks":{"a":0,"k":{"i":[[0,0],[-0.303,-1.934],[1.935,-0.303],[0.302,1.934],[-1.934,0.302]],"o":[[1.934,-0.302],[0.302,1.934],[-1.934,0.303],[-0.303,-1.935],[0,0]],"v":[[2.998,0.043],[7.049,2.998],[4.093,7.049],[0.043,4.094],[2.998,0.043]],"c":false},"ix":2},"nm":"Path 1","mn":"ADBE Vector Shape - Group","hd":false},{"ty":"fl","c":{"a":0,"k":[0.23921568627450981,0.1450980392156863,0.25882352941176473,1],"ix":4},"o":{"a":0,"k":100,"ix":5},"r":1,"bm":0,"nm":"Fill 1","mn":"ADBE Vector Graphic - Fill","hd":false},{"ty":"tr","p":{"a":0,"k":[0,0],"ix":2},"a":{"a":0,"k":[0,0],"ix":1},"s":{"a":0,"k":[100,100],"ix":3},"r":{"a":0,"k":0,"ix":6},"o":{"a":0,"k":100,"ix":7},"sk":{"a":0,"k":0,"ix":4},"sa":{"a":0,"k":0,"ix":5},"nm":"Transform"}],"nm":"Caminho 3041","np":2,"cix":2,"bm":0,"ix":1,"mn":"ADBE Vector Group","hd":false}],"ip":0,"op":3600,"st":0,"bm":0},{"ddd":0,"ind":2,"ty":4,"nm":"Caminho 3055","sr":1,"ks":{"o":{"a":1,"k":[{"i":{"x":[0.2],"y":[1]},"o":{"x":[0.2],"y":[0]},"t":22,"s":[100]},{"t":148,"s":[0]}],"ix":11},"r":{"a":1,"k":[{"i":{"x":[0.833],"y":[0.833]},"o":{"x":[0.167],"y":[0.167]},"t":0,"s":[0]},{"t":591,"s":[390]}],"ix":10},"p":{"a":1,"k":[{"i":{"x":0.99,"y":1},"o":{"x":0.2,"y":0},"t":2,"s":[126.426,229.697,0],"to":[-1.333,-13.25,0],"ti":[1.333,18.25,0]},{"i":{"x":0.2,"y":1},"o":{"x":0.01,"y":0},"t":32,"s":[118.426,150.197,0],"to":[-1.333,-18.25,0],"ti":[0,5,0]},{"t":195,"s":[118.426,120.197,0]}],"ix":2},"a":{"a":0,"k":[5.188,5.188,0],"ix":1},"s":{"a":1,"k":[{"i":{"x":[0.2,0.2,0.2],"y":[1,1,1]},"o":{"x":[0.2,0.2,0.2],"y":[0,0,0]},"t":2,"s":[0,0,100]},{"i":{"x":[0.2,0.2,0.2],"y":[1,1,1]},"o":{"x":[0.2,0.2,0.2],"y":[0,0,0]},"t":21.916,"s":[110,110,100]},{"i":{"x":[0.2,0.2,0.2],"y":[1,1,1]},"o":{"x":[0.2,0.2,0.2],"y":[0,0,0]},"t":35.457,"s":[95,95,100]},{"t":49,"s":[100,100,100]}],"ix":6}},"ao":0,"shapes":[{"ty":"gr","it":[{"ind":0,"ty":"sh","ix":1,"ks":{"a":0,"k":{"i":[[0,0],[-0.442,-2.831],[2.831,-0.442],[0.442,2.83],[-2.83,0.442]],"o":[[2.83,-0.442],[0.442,2.83],[-2.83,0.444],[-0.441,-2.831],[0,0]],"v":[[4.387,0.063],[10.313,4.387],[5.989,10.312],[0.063,5.989],[4.387,0.063]],"c":false},"ix":2},"nm":"Path 1","mn":"ADBE Vector Shape - Group","hd":false},{"ty":"fl","c":{"a":0,"k":[0.9647058823529412,0.4470588235294118,0.5019607843137255,1],"ix":4},"o":{"a":0,"k":100,"ix":5},"r":1,"bm":0,"nm":"Fill 1","mn":"ADBE Vector Graphic - Fill","hd":false},{"ty":"tr","p":{"a":0,"k":[0,0],"ix":2},"a":{"a":0,"k":[0,0],"ix":1},"s":{"a":0,"k":[100,100],"ix":3},"r":{"a":0,"k":0,"ix":6},"o":{"a":0,"k":100,"ix":7},"sk":{"a":0,"k":0,"ix":4},"sa":{"a":0,"k":0,"ix":5},"nm":"Transform"}],"nm":"Caminho 3040","np":2,"cix":2,"bm":0,"ix":1,"mn":"ADBE Vector Group","hd":false}],"ip":2,"op":3602,"st":2,"bm":0},{"ddd":0,"ind":3,"ty":4,"nm":"Retângulo 17287","sr":1,"ks":{"o":{"a":1,"k":[{"i":{"x":[0.2],"y":[1]},"o":{"x":[0.2],"y":[0]},"t":24,"s":[100]},{"t":150,"s":[0]}],"ix":11},"r":{"a":1,"k":[{"i":{"x":[0.833],"y":[0.833]},"o":{"x":[0.167],"y":[0.167]},"t":0,"s":[295.736]},{"t":591,"s":[685.736]}],"ix":10},"p":{"a":1,"k":[{"i":{"x":0.99,"y":1},"o":{"x":0.2,"y":0},"t":4,"s":[126.234,229.913,0],"to":[2.167,-11.75,0],"ti":[-2.167,16.75,0]},{"i":{"x":0.2,"y":1},"o":{"x":0.01,"y":0},"t":34,"s":[139.234,159.413,0],"to":[2.167,-16.75,0],"ti":[0,5,0]},{"t":195,"s":[139.234,129.413,0]}],"ix":2},"a":{"a":0,"k":[0,0,0],"ix":1},"s":{"a":1,"k":[{"i":{"x":[0.2,0.2,0.2],"y":[1,1,1]},"o":{"x":[0.2,0.2,0.2],"y":[0,0,0]},"t":4,"s":[0,0,100]},{"i":{"x":[0.2,0.2,0.2],"y":[1,1,1]},"o":{"x":[0.2,0.2,0.2],"y":[0,0,0]},"t":23.916,"s":[110,110,100]},{"i":{"x":[0.2,0.2,0.2],"y":[1,1,1]},"o":{"x":[0.2,0.2,0.2],"y":[0,0,0]},"t":37.457,"s":[95,95,100]},{"t":51,"s":[100,100,100]}],"ix":6}},"ao":0,"shapes":[{"ty":"gr","it":[{"ty":"rc","d":1,"s":{"a":0,"k":[8.504,8.505],"ix":2},"p":{"a":0,"k":[0,0],"ix":3},"r":{"a":0,"k":0,"ix":4},"nm":"Rectangle Path 1","mn":"ADBE Vector Shape - Rect","hd":false},{"ty":"fl","c":{"a":0,"k":[0.9647058823529412,0.4470588235294118,0.5019607843137255,1],"ix":4},"o":{"a":0,"k":100,"ix":5},"r":1,"bm":0,"nm":"Fill 1","mn":"ADBE Vector Graphic - Fill","hd":false},{"ty":"tr","p":{"a":0,"k":[0,0],"ix":2},"a":{"a":0,"k":[0,0],"ix":1},"s":{"a":0,"k":[100,100],"ix":3},"r":{"a":0,"k":0,"ix":6},"o":{"a":0,"k":100,"ix":7},"sk":{"a":0,"k":0,"ix":4},"sa":{"a":0,"k":0,"ix":5},"nm":"Transform"}],"nm":"Retângulo 17284","np":2,"cix":2,"bm":0,"ix":1,"mn":"ADBE Vector Group","hd":false}],"ip":4,"op":3604,"st":4,"bm":0},{"ddd":0,"ind":4,"ty":4,"nm":"Caminho 3054","sr":1,"ks":{"o":{"a":1,"k":[{"i":{"x":[0.2],"y":[1]},"o":{"x":[0.2],"y":[0]},"t":26,"s":[100]},{"t":152,"s":[0]}],"ix":11},"r":{"a":1,"k":[{"i":{"x":[0.833],"y":[0.833]},"o":{"x":[0.167],"y":[0.167]},"t":0,"s":[0]},{"t":591,"s":[390]}],"ix":10},"p":{"a":1,"k":[{"i":{"x":0.99,"y":1},"o":{"x":0.2,"y":0},"t":6,"s":[126.559,229.522,0],"to":[4.833,-14.833,0],"ti":[-4.833,19.833,0]},{"i":{"x":0.2,"y":1},"o":{"x":0.01,"y":0},"t":36,"s":[155.559,140.522,0],"to":[4.833,-19.833,0],"ti":[0,5,0]},{"t":195,"s":[155.559,110.522,0]}],"ix":2},"a":{"a":0,"k":[6.105,6.105,0],"ix":1},"s":{"a":1,"k":[{"i":{"x":[0.2,0.2,0.2],"y":[1,1,1]},"o":{"x":[0.2,0.2,0.2],"y":[0,0,0]},"t":6,"s":[0,0,100]},{"i":{"x":[0.2,0.2,0.2],"y":[1,1,1]},"o":{"x":[0.2,0.2,0.2],"y":[0,0,0]},"t":25.916,"s":[110,110,100]},{"i":{"x":[0.2,0.2,0.2],"y":[1,1,1]},"o":{"x":[0.2,0.2,0.2],"y":[0,0,0]},"t":39.457,"s":[95,95,100]},{"t":53,"s":[100,100,100]}],"ix":6}},"ao":0,"shapes":[{"ty":"gr","it":[{"ind":0,"ty":"sh","ix":1,"ks":{"a":0,"k":{"i":[[0,0],[-3.325,0.521],[-0.52,-3.33],[3.325,-0.519],[0.519,3.324]],"o":[[-0.522,-3.33],[3.324,-0.52],[0.519,3.324],[-3.324,0.519],[0,0]],"v":[[0.074,7.051],[5.159,0.074],[12.137,5.165],[7.045,12.137],[0.074,7.051]],"c":false},"ix":2},"nm":"Path 1","mn":"ADBE Vector Shape - Group","hd":false},{"ind":1,"ty":"sh","ix":2,"ks":{"a":0,"k":{"i":[[0,0],[-0.326,-2.084],[-2.084,0.326],[0.325,2.08],[2.084,-0.326]],"o":[[-2.084,0.326],[0.325,2.078],[2.084,-0.326],[-0.326,-2.084],[0,0]],"v":[[5.511,2.328],[2.328,6.699],[6.693,9.883],[9.883,5.517],[5.511,2.328]],"c":false},"ix":2},"nm":"Path 2","mn":"ADBE Vector Shape - Group","hd":false},{"ty":"fl","c":{"a":0,"k":[0.23921568627450981,0.1450980392156863,0.25882352941176473,1],"ix":4},"o":{"a":0,"k":100,"ix":5},"r":1,"bm":0,"nm":"Fill 1","mn":"ADBE Vector Graphic - Fill","hd":false},{"ty":"tr","p":{"a":0,"k":[0,0],"ix":2},"a":{"a":0,"k":[0,0],"ix":1},"s":{"a":0,"k":[100,100],"ix":3},"r":{"a":0,"k":0,"ix":6},"o":{"a":0,"k":100,"ix":7},"sk":{"a":0,"k":0,"ix":4},"sa":{"a":0,"k":0,"ix":5},"nm":"Transform"}],"nm":"Caminho 3039","np":3,"cix":2,"bm":0,"ix":1,"mn":"ADBE Vector Group","hd":false}],"ip":6,"op":3606,"st":6,"bm":0},{"ddd":0,"ind":5,"ty":4,"nm":"Caminho 3053","sr":1,"ks":{"o":{"a":1,"k":[{"i":{"x":[0.2],"y":[1]},"o":{"x":[0.2],"y":[0]},"t":27,"s":[100]},{"t":153,"s":[0]}],"ix":11},"r":{"a":1,"k":[{"i":{"x":[0.833],"y":[0.833]},"o":{"x":[0.167],"y":[0.167]},"t":0,"s":[0]},{"t":591,"s":[390]}],"ix":10},"p":{"a":1,"k":[{"i":{"x":0.99,"y":1},"o":{"x":0.2,"y":0},"t":7,"s":[128.525,232.07,0],"to":[0.167,-17.083,0],"ti":[-0.167,22.083,0]},{"i":{"x":0.2,"y":1},"o":{"x":0.01,"y":0},"t":37,"s":[129.525,129.57,0],"to":[0.167,-22.083,0],"ti":[0,5,0]},{"t":195,"s":[129.525,99.57,0]}],"ix":2},"a":{"a":0,"k":[5.328,5.34,0],"ix":1},"s":{"a":1,"k":[{"i":{"x":[0.2,0.2,0.2],"y":[1,1,1]},"o":{"x":[0.2,0.2,0.2],"y":[0,0,0]},"t":7,"s":[0,0,100]},{"i":{"x":[0.2,0.2,0.2],"y":[1,1,1]},"o":{"x":[0.2,0.2,0.2],"y":[0,0,0]},"t":26.916,"s":[110,110,100]},{"i":{"x":[0.2,0.2,0.2],"y":[1,1,1]},"o":{"x":[0.2,0.2,0.2],"y":[0,0,0]},"t":40.457,"s":[95,95,100]},{"t":54,"s":[100,100,100]}],"ix":6}},"ao":0,"shapes":[{"ty":"gr","it":[{"ind":0,"ty":"sh","ix":1,"ks":{"a":0,"k":{"i":[[0,0],[0,0],[0,0],[0,0],[0,0],[0,0],[0,0],[0,0],[0,0],[0,0],[0,0],[0,0]],"o":[[0,0],[0,0],[0,0],[0,0],[0,0],[0,0],[0,0],[0,0],[0,0],[0,0],[0,0],[0,0]],"v":[[5.675,7.555],[3.391,10.679],[0.844,8.821],[3.122,5.692],[0,3.42],[1.856,0.868],[4.986,3.145],[7.28,0],[9.827,1.857],[7.532,5.002],[10.656,7.287],[8.792,9.834]],"c":true},"ix":2},"nm":"Path 1","mn":"ADBE Vector Shape - Group","hd":false},{"ty":"fl","c":{"a":0,"k":[0.23921568627450981,0.1450980392156863,0.25882352941176473,1],"ix":4},"o":{"a":0,"k":100,"ix":5},"r":1,"bm":0,"nm":"Fill 1","mn":"ADBE Vector Graphic - Fill","hd":false},{"ty":"tr","p":{"a":0,"k":[0,0],"ix":2},"a":{"a":0,"k":[0,0],"ix":1},"s":{"a":0,"k":[100,100],"ix":3},"r":{"a":0,"k":0,"ix":6},"o":{"a":0,"k":100,"ix":7},"sk":{"a":0,"k":0,"ix":4},"sa":{"a":0,"k":0,"ix":5},"nm":"Transform"}],"nm":"Caminho 3038","np":2,"cix":2,"bm":0,"ix":1,"mn":"ADBE Vector Group","hd":false}],"ip":7,"op":3607,"st":7,"bm":0}]},{"id":"comp_3","layers":[{"ddd":0,"ind":1,"ty":4,"nm":"Caminho 3223","sr":1,"ks":{"o":{"a":0,"k":100,"ix":11},"r":{"a":0,"k":0,"ix":10},"p":{"a":0,"k":[145.384,169.503,0],"ix":2},"a":{"a":0,"k":[2.635,3.027,0],"ix":1},"s":{"a":0,"k":[100,100,100],"ix":6}},"ao":0,"shapes":[{"ty":"gr","it":[{"ind":0,"ty":"sh","ix":1,"ks":{"a":0,"k":{"i":[[0,0],[0.431,-0.549],[0.932,-1.192],[-0.548,-0.421],[-0.43,0.549],[-0.93,1.192],[0.548,0.421]],"o":[[-0.522,-0.401],[-0.929,1.193],[-0.402,0.515],[0.521,0.401],[0.93,-1.193],[0.402,-0.515],[0,0]],"v":[[4.835,0.282],[3.074,0.436],[0.282,4.013],[0.436,5.772],[2.196,5.619],[4.989,2.042],[4.835,0.282]],"c":false},"ix":2},"nm":"Path 1","mn":"ADBE Vector Shape - Group","hd":false},{"ty":"fl","c":{"a":0,"k":[1,0.882352941176,0.643137254902,1],"ix":4},"o":{"a":0,"k":100,"ix":5},"r":1,"bm":0,"nm":"Fill 1","mn":"ADBE Vector Graphic - Fill","hd":false},{"ty":"tr","p":{"a":0,"k":[0,0],"ix":2},"a":{"a":0,"k":[0,0],"ix":1},"s":{"a":0,"k":[100,100],"ix":3},"r":{"a":0,"k":0,"ix":6},"o":{"a":0,"k":100,"ix":7},"sk":{"a":0,"k":0,"ix":4},"sa":{"a":0,"k":0,"ix":5},"nm":"Transform"}],"nm":"Caminho 3223","np":2,"cix":2,"bm":0,"ix":1,"mn":"ADBE Vector Group","hd":false}],"ip":0,"op":3600,"st":0,"bm":0},{"ddd":0,"ind":2,"ty":4,"nm":"Caminho 3222","sr":1,"ks":{"o":{"a":0,"k":100,"ix":11},"r":{"a":0,"k":0,"ix":10},"p":{"a":0,"k":[146.613,161.642,0],"ix":2},"a":{"a":0,"k":[2.221,2.809,0],"ix":1},"s":{"a":0,"k":[100,100,100],"ix":6}},"ao":0,"shapes":[{"ty":"gr","it":[{"ind":0,"ty":"sh","ix":1,"ks":{"a":0,"k":{"i":[[0,0],[0.656,1.043],[0.514,-0.398],[-0.374,-0.593],[-0.656,-1.041],[-0.512,0.399],[0.374,0.593]],"o":[[-0.656,-1.041],[-0.348,-0.554],[-0.558,0.434],[0.656,1.041],[0.348,0.555],[0.558,-0.433],[0,0]],"v":[[4.224,3.65],[2.257,0.524],[0.514,0.227],[0.218,1.969],[2.185,5.093],[3.926,5.391],[4.224,3.65]],"c":false},"ix":2},"nm":"Path 1","mn":"ADBE Vector Shape - Group","hd":false},{"ty":"fl","c":{"a":0,"k":[1,0.882352941176,0.643137254902,1],"ix":4},"o":{"a":0,"k":100,"ix":5},"r":1,"bm":0,"nm":"Fill 1","mn":"ADBE Vector Graphic - Fill","hd":false},{"ty":"tr","p":{"a":0,"k":[0,0],"ix":2},"a":{"a":0,"k":[0,0],"ix":1},"s":{"a":0,"k":[100,100],"ix":3},"r":{"a":0,"k":0,"ix":6},"o":{"a":0,"k":100,"ix":7},"sk":{"a":0,"k":0,"ix":4},"sa":{"a":0,"k":0,"ix":5},"nm":"Transform"}],"nm":"Caminho 3222","np":2,"cix":2,"bm":0,"ix":1,"mn":"ADBE Vector Group","hd":false}],"ip":0,"op":3600,"st":0,"bm":0},{"ddd":0,"ind":3,"ty":4,"nm":"Caminho 3221","sr":1,"ks":{"o":{"a":0,"k":100,"ix":11},"r":{"a":0,"k":0,"ix":10},"p":{"a":0,"k":[161.445,170.441,0],"ix":2},"a":{"a":0,"k":[1.527,3.267,0],"ix":1},"s":{"a":0,"k":[100,100,100],"ix":6}},"ao":0,"shapes":[{"ty":"gr","it":[{"ind":0,"ty":"sh","ix":1,"ks":{"a":0,"k":{"i":[[0,0],[0.098,-0.692],[0.191,-1.35],[-0.687,-0.094],[-0.097,0.692],[-0.191,1.351],[0.687,0.094]],"o":[[-0.648,-0.089],[-0.191,1.351],[-0.09,0.646],[0.648,0.089],[0.19,-1.35],[0.09,-0.646],[0,0]],"v":[[2.039,0.012],[0.585,1.015],[0.012,5.068],[1.015,6.522],[2.471,5.519],[3.042,1.467],[2.039,0.012]],"c":false},"ix":2},"nm":"Path 1","mn":"ADBE Vector Shape - Group","hd":false},{"ty":"fl","c":{"a":0,"k":[1,0.882352941176,0.643137254902,1],"ix":4},"o":{"a":0,"k":100,"ix":5},"r":1,"bm":0,"nm":"Fill 1","mn":"ADBE Vector Graphic - Fill","hd":false},{"ty":"tr","p":{"a":0,"k":[0,0],"ix":2},"a":{"a":0,"k":[0,0],"ix":1},"s":{"a":0,"k":[100,100],"ix":3},"r":{"a":0,"k":0,"ix":6},"o":{"a":0,"k":100,"ix":7},"sk":{"a":0,"k":0,"ix":4},"sa":{"a":0,"k":0,"ix":5},"nm":"Transform"}],"nm":"Caminho 3221","np":2,"cix":2,"bm":0,"ix":1,"mn":"ADBE Vector Group","hd":false}],"ip":0,"op":3600,"st":0,"bm":0},{"ddd":0,"ind":4,"ty":4,"nm":"Caminho 3220","sr":1,"ks":{"o":{"a":0,"k":100,"ix":11},"r":{"a":0,"k":0,"ix":10},"p":{"a":0,"k":[163.28,176.57,0],"ix":2},"a":{"a":0,"k":[2.923,1.414,0],"ix":1},"s":{"a":0,"k":[100,100,100],"ix":6}},"ao":0,"shapes":[{"ty":"gr","it":[{"ind":0,"ty":"sh","ix":1,"ks":{"a":0,"k":{"i":[[0,0],[0.321,0.033],[1.118,0.116],[0.286,-0.202],[0.043,-0.302],[-0.208,-0.267],[-0.321,-0.033],[-1.118,-0.116],[-0.284,0.203],[-0.042,0.303],[0.206,0.267]],"o":[[-0.191,-0.245],[-1.118,-0.116],[-0.338,-0.035],[-0.244,0.174],[-0.045,0.325],[0.191,0.246],[1.118,0.116],[0.338,0.035],[0.245,-0.172],[0.044,-0.325],[0,0]],"v":[[5.621,0.866],[4.827,0.359],[1.471,0.011],[0.522,0.221],[0.016,1.014],[0.225,1.962],[1.02,2.469],[4.376,2.817],[5.324,2.607],[5.83,1.814],[5.621,0.866]],"c":false},"ix":2},"nm":"Path 1","mn":"ADBE Vector Shape - Group","hd":false},{"ty":"fl","c":{"a":0,"k":[1,0.882352941176,0.643137254902,1],"ix":4},"o":{"a":0,"k":100,"ix":5},"r":1,"bm":0,"nm":"Fill 1","mn":"ADBE Vector Graphic - Fill","hd":false},{"ty":"tr","p":{"a":0,"k":[0,0],"ix":2},"a":{"a":0,"k":[0,0],"ix":1},"s":{"a":0,"k":[100,100],"ix":3},"r":{"a":0,"k":0,"ix":6},"o":{"a":0,"k":100,"ix":7},"sk":{"a":0,"k":0,"ix":4},"sa":{"a":0,"k":0,"ix":5},"nm":"Transform"}],"nm":"Caminho 3220","np":2,"cix":2,"bm":0,"ix":1,"mn":"ADBE Vector Group","hd":false}],"ip":0,"op":3600,"st":0,"bm":0},{"ddd":0,"ind":5,"ty":4,"nm":"Caminho 3219","sr":1,"ks":{"o":{"a":0,"k":100,"ix":11},"r":{"a":0,"k":0,"ix":10},"p":{"a":0,"k":[155.777,179.299,0],"ix":2},"a":{"a":0,"k":[2.013,4.021,0],"ix":1},"s":{"a":0,"k":[100,100,100],"ix":6}},"ao":0,"shapes":[{"ty":"gr","it":[{"ind":0,"ty":"sh","ix":1,"ks":{"a":0,"k":{"i":[[0,0],[0.183,-0.677],[0.501,-1.852],[-0.631,-0.087],[-0.183,0.677],[-0.501,1.852],[0.631,0.087]],"o":[[-0.716,-0.099],[-0.501,1.852],[-0.172,0.632],[0.716,0.099],[0.501,-1.852],[0.171,-0.631],[0,0]],"v":[[2.991,0.014],[1.536,1.017],[0.032,6.574],[1.035,8.028],[2.49,7.025],[3.994,1.469],[2.991,0.014]],"c":false},"ix":2},"nm":"Path 1","mn":"ADBE Vector Shape - Group","hd":false},{"ty":"fl","c":{"a":0,"k":[1,0.882352941176,0.643137254902,1],"ix":4},"o":{"a":0,"k":100,"ix":5},"r":1,"bm":0,"nm":"Fill 1","mn":"ADBE Vector Graphic - Fill","hd":false},{"ty":"tr","p":{"a":0,"k":[0,0],"ix":2},"a":{"a":0,"k":[0,0],"ix":1},"s":{"a":0,"k":[100,100],"ix":3},"r":{"a":0,"k":0,"ix":6},"o":{"a":0,"k":100,"ix":7},"sk":{"a":0,"k":0,"ix":4},"sa":{"a":0,"k":0,"ix":5},"nm":"Transform"}],"nm":"Caminho 3219","np":2,"cix":2,"bm":0,"ix":1,"mn":"ADBE Vector Group","hd":false}],"ip":0,"op":3600,"st":0,"bm":0},{"ddd":0,"ind":6,"ty":4,"nm":"Caminho 3218","sr":1,"ks":{"o":{"a":0,"k":100,"ix":11},"r":{"a":0,"k":0,"ix":10},"p":{"a":0,"k":[116.454,212.01,0],"ix":2},"a":{"a":0,"k":[4.24,2.2,0],"ix":1},"s":{"a":0,"k":[100,100,100],"ix":6}},"ao":0,"shapes":[{"ty":"gr","it":[{"ind":0,"ty":"sh","ix":1,"ks":{"a":0,"k":{"i":[[0,0],[2.006,0.656],[0.284,-0.674],[-0.664,-0.216],[-2.007,-0.655],[-0.285,0.676],[0.663,0.216]],"o":[[-2.006,-0.655],[-0.62,-0.201],[-0.235,0.559],[2.007,0.655],[0.62,0.202],[0.236,-0.558],[0,0]],"v":[[7.784,2.053],[1.765,0.088],[0.101,0.683],[0.696,2.348],[6.716,4.312],[8.379,3.716],[7.784,2.053]],"c":false},"ix":2},"nm":"Path 1","mn":"ADBE Vector Shape - Group","hd":false},{"ty":"fl","c":{"a":0,"k":[1,0.882352941176,0.643137254902,1],"ix":4},"o":{"a":0,"k":100,"ix":5},"r":1,"bm":0,"nm":"Fill 1","mn":"ADBE Vector Graphic - Fill","hd":false},{"ty":"tr","p":{"a":0,"k":[0,0],"ix":2},"a":{"a":0,"k":[0,0],"ix":1},"s":{"a":0,"k":[100,100],"ix":3},"r":{"a":0,"k":0,"ix":6},"o":{"a":0,"k":100,"ix":7},"sk":{"a":0,"k":0,"ix":4},"sa":{"a":0,"k":0,"ix":5},"nm":"Transform"}],"nm":"Caminho 3218","np":2,"cix":2,"bm":0,"ix":1,"mn":"ADBE Vector Group","hd":false}],"ip":0,"op":3600,"st":0,"bm":0},{"ddd":0,"ind":7,"ty":4,"nm":"Caminho 3217","sr":1,"ks":{"o":{"a":0,"k":100,"ix":11},"r":{"a":0,"k":0,"ix":10},"p":{"a":0,"k":[122.832,216.946,0],"ix":2},"a":{"a":0,"k":[4.264,1.716,0],"ix":1},"s":{"a":0,"k":[100,100,100],"ix":6}},"ao":0,"shapes":[{"ty":"gr","it":[{"ind":0,"ty":"sh","ix":1,"ks":{"a":0,"k":{"i":[[0,0],[2.006,-0.305],[-0.093,-0.699],[-0.692,0.105],[-2.006,0.306],[0.092,0.699],[0.692,-0.105]],"o":[[-2.006,0.306],[-0.645,0.099],[0.083,0.636],[2.006,-0.307],[0.645,-0.099],[-0.085,-0.636],[0,0]],"v":[[7.165,0.012],[1.146,0.932],[0.01,2.285],[1.363,3.421],[7.382,2.501],[8.518,1.148],[7.165,0.012]],"c":false},"ix":2},"nm":"Path 1","mn":"ADBE Vector Shape - Group","hd":false},{"ty":"fl","c":{"a":0,"k":[1,0.882352941176,0.643137254902,1],"ix":4},"o":{"a":0,"k":100,"ix":5},"r":1,"bm":0,"nm":"Fill 1","mn":"ADBE Vector Graphic - Fill","hd":false},{"ty":"tr","p":{"a":0,"k":[0,0],"ix":2},"a":{"a":0,"k":[0,0],"ix":1},"s":{"a":0,"k":[100,100],"ix":3},"r":{"a":0,"k":0,"ix":6},"o":{"a":0,"k":100,"ix":7},"sk":{"a":0,"k":0,"ix":4},"sa":{"a":0,"k":0,"ix":5},"nm":"Transform"}],"nm":"Caminho 3217","np":2,"cix":2,"bm":0,"ix":1,"mn":"ADBE Vector Group","hd":false}],"ip":0,"op":3600,"st":0,"bm":0},{"ddd":0,"ind":8,"ty":4,"nm":"Caminho 3216","sr":1,"ks":{"o":{"a":0,"k":100,"ix":11},"r":{"a":0,"k":0,"ix":10},"p":{"a":0,"k":[134.025,219.486,0],"ix":2},"a":{"a":0,"k":[3.22,3.332,0],"ix":1},"s":{"a":0,"k":[100,100,100],"ix":6}},"ao":0,"shapes":[{"ty":"gr","it":[{"ind":0,"ty":"sh","ix":1,"ks":{"a":0,"k":{"i":[[0,0],[1.312,1.389],[0.283,-0.024],[0.19,-0.247],[-0.044,-0.331],[-0.24,-0.254],[-1.312,-1.389],[-0.282,0.024],[-0.19,0.247],[0.044,0.331],[0.241,0.255]],"o":[[-1.312,-1.387],[-0.205,-0.217],[-0.304,0.027],[-0.197,0.256],[0.046,0.349],[1.312,1.389],[0.205,0.216],[0.305,-0.027],[0.197,-0.256],[-0.046,-0.349],[0,0]],"v":[[5.991,4.457],[2.055,0.292],[1.143,0.004],[0.295,0.445],[0.008,1.357],[0.449,2.205],[4.385,6.372],[5.297,6.66],[6.145,6.218],[6.431,5.306],[5.991,4.457]],"c":false},"ix":2},"nm":"Path 1","mn":"ADBE Vector Shape - Group","hd":false},{"ty":"fl","c":{"a":0,"k":[1,0.882352941176,0.643137254902,1],"ix":4},"o":{"a":0,"k":100,"ix":5},"r":1,"bm":0,"nm":"Fill 1","mn":"ADBE Vector Graphic - Fill","hd":false},{"ty":"tr","p":{"a":0,"k":[0,0],"ix":2},"a":{"a":0,"k":[0,0],"ix":1},"s":{"a":0,"k":[100,100],"ix":3},"r":{"a":0,"k":0,"ix":6},"o":{"a":0,"k":100,"ix":7},"sk":{"a":0,"k":0,"ix":4},"sa":{"a":0,"k":0,"ix":5},"nm":"Transform"}],"nm":"Caminho 3216","np":2,"cix":2,"bm":0,"ix":1,"mn":"ADBE Vector Group","hd":false}],"ip":0,"op":3600,"st":0,"bm":0},{"ddd":0,"ind":9,"ty":4,"nm":"Caminho 3215","sr":1,"ks":{"o":{"a":0,"k":100,"ix":11},"r":{"a":0,"k":0,"ix":10},"p":{"a":0,"k":[145.918,220.906,0],"ix":2},"a":{"a":0,"k":[3.622,3.161,0],"ix":1},"s":{"a":0,"k":[100,100,100],"ix":6}},"ao":0,"shapes":[{"ty":"gr","it":[{"ind":0,"ty":"sh","ix":1,"ks":{"a":0,"k":{"i":[[0,0],[0.545,-0.437],[1.581,-1.274],[-0.431,-0.556],[-0.545,0.438],[-1.582,1.274],[0.432,0.556]],"o":[[-0.393,-0.508],[-1.581,1.273],[-0.509,0.409],[0.395,0.508],[1.582,-1.272],[0.508,-0.409],[0,0]],"v":[[7.015,0.53],[5.272,0.232],[0.528,4.053],[0.229,5.794],[1.971,6.09],[6.717,2.271],[7.015,0.53]],"c":false},"ix":2},"nm":"Path 1","mn":"ADBE Vector Shape - Group","hd":false},{"ty":"fl","c":{"a":0,"k":[1,0.882352941176,0.643137254902,1],"ix":4},"o":{"a":0,"k":100,"ix":5},"r":1,"bm":0,"nm":"Fill 1","mn":"ADBE Vector Graphic - Fill","hd":false},{"ty":"tr","p":{"a":0,"k":[0,0],"ix":2},"a":{"a":0,"k":[0,0],"ix":1},"s":{"a":0,"k":[100,100],"ix":3},"r":{"a":0,"k":0,"ix":6},"o":{"a":0,"k":100,"ix":7},"sk":{"a":0,"k":0,"ix":4},"sa":{"a":0,"k":0,"ix":5},"nm":"Transform"}],"nm":"Caminho 3215","np":2,"cix":2,"bm":0,"ix":1,"mn":"ADBE Vector Group","hd":false}],"ip":0,"op":3600,"st":0,"bm":0},{"ddd":0,"ind":10,"ty":4,"nm":"Caminho 3214","sr":1,"ks":{"o":{"a":0,"k":100,"ix":11},"r":{"a":0,"k":0,"ix":10},"p":{"a":0,"k":[145.341,214.571,0],"ix":2},"a":{"a":0,"k":[4.321,1.532,0],"ix":1},"s":{"a":0,"k":[100,100,100],"ix":6}},"ao":0,"shapes":[{"ty":"gr","it":[{"ind":0,"ty":"sh","ix":1,"ks":{"a":0,"k":{"i":[[0,0],[2.045,-0.189],[-0.089,-0.671],[-0.697,0.065],[-2.045,0.188],[0.089,0.671],[0.698,-0.065]],"o":[[-2.045,0.188],[-0.65,0.059],[0.089,0.669],[2.047,-0.188],[0.65,-0.06],[-0.089,-0.669],[0,0]],"v":[[7.28,0.005],[1.144,0.571],[0.009,1.924],[1.361,3.059],[7.498,2.495],[8.633,1.141],[7.28,0.005]],"c":false},"ix":2},"nm":"Path 1","mn":"ADBE Vector Shape - Group","hd":false},{"ty":"fl","c":{"a":0,"k":[1,0.882352941176,0.643137254902,1],"ix":4},"o":{"a":0,"k":100,"ix":5},"r":1,"bm":0,"nm":"Fill 1","mn":"ADBE Vector Graphic - Fill","hd":false},{"ty":"tr","p":{"a":0,"k":[0,0],"ix":2},"a":{"a":0,"k":[0,0],"ix":1},"s":{"a":0,"k":[100,100],"ix":3},"r":{"a":0,"k":0,"ix":6},"o":{"a":0,"k":100,"ix":7},"sk":{"a":0,"k":0,"ix":4},"sa":{"a":0,"k":0,"ix":5},"nm":"Transform"}],"nm":"Caminho 3214","np":2,"cix":2,"bm":0,"ix":1,"mn":"ADBE Vector Group","hd":false}],"ip":0,"op":3600,"st":0,"bm":0},{"ddd":0,"ind":11,"ty":4,"nm":"Caminho 3213","sr":1,"ks":{"o":{"a":0,"k":100,"ix":11},"r":{"a":0,"k":0,"ix":10},"p":{"a":0,"k":[155.118,211.935,0],"ix":2},"a":{"a":0,"k":[1.811,3.794,0],"ix":1},"s":{"a":0,"k":[100,100,100],"ix":6}},"ao":0,"shapes":[{"ty":"gr","it":[{"ind":0,"ty":"sh","ix":1,"ks":{"a":0,"k":{"i":[[0,0],[0.386,1.697],[0.248,0.118],[0.291,-0.123],[0.127,-0.301],[-0.079,-0.347],[0,0],[-0.247,-0.118],[-0.291,0.124],[-0.126,0.301],[0.079,0.347]],"o":[[-0.387,-1.697],[-0.064,-0.282],[-0.28,-0.132],[-0.292,0.123],[-0.14,0.333],[0,0],[0.065,0.282],[0.28,0.132],[0.292,-0.123],[0.141,-0.332],[0,0]],"v":[[3.561,5.905],[2.403,0.812],[1.766,0.118],[0.796,0.077],[0.103,0.713],[0.061,1.683],[1.219,6.776],[1.856,7.47],[2.826,7.511],[3.519,6.875],[3.561,5.905]],"c":false},"ix":2},"nm":"Path 1","mn":"ADBE Vector Shape - Group","hd":false},{"ty":"fl","c":{"a":0,"k":[1,0.882352941176,0.643137254902,1],"ix":4},"o":{"a":0,"k":100,"ix":5},"r":1,"bm":0,"nm":"Fill 1","mn":"ADBE Vector Graphic - Fill","hd":false},{"ty":"tr","p":{"a":0,"k":[0,0],"ix":2},"a":{"a":0,"k":[0,0],"ix":1},"s":{"a":0,"k":[100,100],"ix":3},"r":{"a":0,"k":0,"ix":6},"o":{"a":0,"k":100,"ix":7},"sk":{"a":0,"k":0,"ix":4},"sa":{"a":0,"k":0,"ix":5},"nm":"Transform"}],"nm":"Caminho 3213","np":2,"cix":2,"bm":0,"ix":1,"mn":"ADBE Vector Group","hd":false}],"ip":0,"op":3600,"st":0,"bm":0},{"ddd":0,"ind":12,"ty":4,"nm":"Caminho 3212","sr":1,"ks":{"o":{"a":0,"k":100,"ix":11},"r":{"a":0,"k":0,"ix":10},"p":{"a":0,"k":[164.668,208.635,0],"ix":2},"a":{"a":0,"k":[2.811,3.496,0],"ix":1},"s":{"a":0,"k":[100,100,100],"ix":6}},"ao":0,"shapes":[{"ty":"gr","it":[{"ind":0,"ty":"sh","ix":1,"ks":{"a":0,"k":{"i":[[0,0],[0.399,-0.573],[0,0],[-0.03,-0.35],[-0.247,-0.191],[-0.397,0.573],[0,0],[0.032,0.35],[0.247,0.19]],"o":[[-0.495,-0.381],[0,0],[-0.193,0.278],[0.026,0.304],[0.497,0.38],[0,0],[0.192,-0.279],[-0.026,-0.305],[0,0]],"v":[[5.177,0.282],[3.416,0.436],[0.292,4.951],[0.004,5.863],[0.446,6.711],[2.206,6.556],[5.331,2.042],[5.618,1.13],[5.177,0.282]],"c":false},"ix":2},"nm":"Path 1","mn":"ADBE Vector Shape - Group","hd":false},{"ty":"fl","c":{"a":0,"k":[1,0.882352941176,0.643137254902,1],"ix":4},"o":{"a":0,"k":100,"ix":5},"r":1,"bm":0,"nm":"Fill 1","mn":"ADBE Vector Graphic - Fill","hd":false},{"ty":"tr","p":{"a":0,"k":[0,0],"ix":2},"a":{"a":0,"k":[0,0],"ix":1},"s":{"a":0,"k":[100,100],"ix":3},"r":{"a":0,"k":0,"ix":6},"o":{"a":0,"k":100,"ix":7},"sk":{"a":0,"k":0,"ix":4},"sa":{"a":0,"k":0,"ix":5},"nm":"Transform"}],"nm":"Caminho 3212","np":2,"cix":2,"bm":0,"ix":1,"mn":"ADBE Vector Group","hd":false}],"ip":0,"op":3600,"st":0,"bm":0},{"ddd":0,"ind":13,"ty":4,"nm":"Caminho 3211","sr":1,"ks":{"o":{"a":0,"k":100,"ix":11},"r":{"a":0,"k":0,"ix":10},"p":{"a":0,"k":[165.759,195.122,0],"ix":2},"a":{"a":0,"k":[3.328,1.894,0],"ix":1},"s":{"a":0,"k":[100,100,100],"ix":6}},"ao":0,"shapes":[{"ty":"gr","it":[{"ind":0,"ty":"sh","ix":1,"ks":{"a":0,"k":{"i":[[0,0],[0.328,0.1],[1.39,0.425],[0.235,-0.167],[0.042,-0.302],[-0.208,-0.266],[-0.328,-0.101],[-1.388,-0.424],[-0.234,0.167],[-0.042,0.302],[0.207,0.267]],"o":[[-0.211,-0.274],[-1.389,-0.425],[-0.288,-0.088],[-0.245,0.174],[-0.044,0.325],[0.211,0.274],[1.39,0.424],[0.289,0.088],[0.245,-0.174],[0.044,-0.325],[0,0]],"v":[[6.43,1.809],[5.637,1.303],[1.469,0.028],[0.523,0.238],[0.015,1.031],[0.226,1.979],[1.018,2.487],[5.186,3.76],[6.133,3.55],[6.64,2.757],[6.43,1.809]],"c":false},"ix":2},"nm":"Path 1","mn":"ADBE Vector Shape - Group","hd":false},{"ty":"fl","c":{"a":0,"k":[1,0.882352941176,0.643137254902,1],"ix":4},"o":{"a":0,"k":100,"ix":5},"r":1,"bm":0,"nm":"Fill 1","mn":"ADBE Vector Graphic - Fill","hd":false},{"ty":"tr","p":{"a":0,"k":[0,0],"ix":2},"a":{"a":0,"k":[0,0],"ix":1},"s":{"a":0,"k":[100,100],"ix":3},"r":{"a":0,"k":0,"ix":6},"o":{"a":0,"k":100,"ix":7},"sk":{"a":0,"k":0,"ix":4},"sa":{"a":0,"k":0,"ix":5},"nm":"Transform"}],"nm":"Caminho 3211","np":2,"cix":2,"bm":0,"ix":1,"mn":"ADBE Vector Group","hd":false}],"ip":0,"op":3600,"st":0,"bm":0},{"ddd":0,"ind":14,"ty":4,"nm":"Caminho 3210","sr":1,"ks":{"o":{"a":0,"k":100,"ix":11},"r":{"a":0,"k":0,"ix":10},"p":{"a":0,"k":[156.003,196.661,0],"ix":2},"a":{"a":0,"k":[2.111,3.777,0],"ix":1},"s":{"a":0,"k":[100,100,100],"ix":6}},"ao":0,"shapes":[{"ty":"gr","it":[{"ind":0,"ty":"sh","ix":1,"ks":{"a":0,"k":{"i":[[0,0],[0.281,0.119],[0.225,-0.66],[0,0],[-0.125,-0.339],[-0.282,-0.119],[-0.224,0.66],[0,0],[0.125,0.339]],"o":[[-0.105,-0.281],[-0.566,-0.238],[0,0],[-0.112,0.33],[0.105,0.281],[0.566,0.238],[0,0],[0.111,-0.33],[0,0]],"v":[[4.151,0.795],[3.513,0.102],[1.849,0.697],[0.113,5.789],[0.072,6.76],[0.709,7.453],[2.372,6.858],[4.109,1.765],[4.151,0.795]],"c":false},"ix":2},"nm":"Path 1","mn":"ADBE Vector Shape - Group","hd":false},{"ty":"fl","c":{"a":0,"k":[1,0.882352941176,0.643137254902,1],"ix":4},"o":{"a":0,"k":100,"ix":5},"r":1,"bm":0,"nm":"Fill 1","mn":"ADBE Vector Graphic - Fill","hd":false},{"ty":"tr","p":{"a":0,"k":[0,0],"ix":2},"a":{"a":0,"k":[0,0],"ix":1},"s":{"a":0,"k":[100,100],"ix":3},"r":{"a":0,"k":0,"ix":6},"o":{"a":0,"k":100,"ix":7},"sk":{"a":0,"k":0,"ix":4},"sa":{"a":0,"k":0,"ix":5},"nm":"Transform"}],"nm":"Caminho 3210","np":2,"cix":2,"bm":0,"ix":1,"mn":"ADBE Vector Group","hd":false}],"ip":0,"op":3600,"st":0,"bm":0},{"ddd":0,"ind":15,"ty":4,"nm":"Caminho 3209","sr":1,"ks":{"o":{"a":0,"k":100,"ix":11},"r":{"a":0,"k":0,"ix":10},"p":{"a":0,"k":[140.984,207.409,0],"ix":2},"a":{"a":0,"k":[4.83,2.37,0],"ix":1},"s":{"a":0,"k":[100,100,100],"ix":6}},"ao":0,"shapes":[{"ty":"gr","it":[{"ind":0,"ty":"sh","ix":1,"ks":{"a":0,"k":{"i":[[0,0],[0,0],[0.085,-0.614],[-0.671,-0.207],[0,0],[-0.084,0.615],[0.671,0.207]],"o":[[0,0],[-0.626,-0.192],[-0.101,0.737],[0,0],[0.626,0.193],[0.102,-0.736],[0,0]],"v":[[8.642,2.245],[1.469,0.037],[0.015,1.04],[1.018,2.496],[8.191,4.703],[9.645,3.7],[8.642,2.245]],"c":false},"ix":2},"nm":"Path 1","mn":"ADBE Vector Shape - Group","hd":false},{"ty":"fl","c":{"a":0,"k":[1,0.882352941176,0.643137254902,1],"ix":4},"o":{"a":0,"k":100,"ix":5},"r":1,"bm":0,"nm":"Fill 1","mn":"ADBE Vector Graphic - Fill","hd":false},{"ty":"tr","p":{"a":0,"k":[0,0],"ix":2},"a":{"a":0,"k":[0,0],"ix":1},"s":{"a":0,"k":[100,100],"ix":3},"r":{"a":0,"k":0,"ix":6},"o":{"a":0,"k":100,"ix":7},"sk":{"a":0,"k":0,"ix":4},"sa":{"a":0,"k":0,"ix":5},"nm":"Transform"}],"nm":"Caminho 3209","np":2,"cix":2,"bm":0,"ix":1,"mn":"ADBE Vector Group","hd":false}],"ip":0,"op":3600,"st":0,"bm":0},{"ddd":0,"ind":16,"ty":4,"nm":"Caminho 3208","sr":1,"ks":{"o":{"a":0,"k":100,"ix":11},"r":{"a":0,"k":0,"ix":10},"p":{"a":0,"k":[139.864,197.645,0],"ix":2},"a":{"a":0,"k":[1.779,4.437,0],"ix":1},"s":{"a":0,"k":[100,100,100],"ix":6}},"ao":0,"shapes":[{"ty":"gr","it":[{"ind":0,"ty":"sh","ix":1,"ks":{"a":0,"k":{"i":[[0,0],[0.703,-0.093],[-0.112,-0.691],[-0.348,-2.121],[-0.705,0.093],[0.113,0.691],[0.347,2.122]],"o":[[-0.105,-0.644],[-0.632,0.083],[0.348,2.122],[0.104,0.644],[0.629,-0.083],[-0.347,-2.122],[0,0]],"v":[[2.503,1.146],[1.15,0.01],[0.013,1.363],[1.056,7.729],[2.409,8.865],[3.544,7.512],[2.503,1.146]],"c":false},"ix":2},"nm":"Path 1","mn":"ADBE Vector Shape - Group","hd":false},{"ty":"fl","c":{"a":0,"k":[1,0.882352941176,0.643137254902,1],"ix":4},"o":{"a":0,"k":100,"ix":5},"r":1,"bm":0,"nm":"Fill 1","mn":"ADBE Vector Graphic - Fill","hd":false},{"ty":"tr","p":{"a":0,"k":[0,0],"ix":2},"a":{"a":0,"k":[0,0],"ix":1},"s":{"a":0,"k":[100,100],"ix":3},"r":{"a":0,"k":0,"ix":6},"o":{"a":0,"k":100,"ix":7},"sk":{"a":0,"k":0,"ix":4},"sa":{"a":0,"k":0,"ix":5},"nm":"Transform"}],"nm":"Caminho 3208","np":2,"cix":2,"bm":0,"ix":1,"mn":"ADBE Vector Group","hd":false}],"ip":0,"op":3600,"st":0,"bm":0},{"ddd":0,"ind":17,"ty":4,"nm":"Caminho 3207","sr":1,"ks":{"o":{"a":0,"k":100,"ix":11},"r":{"a":0,"k":0,"ix":10},"p":{"a":0,"k":[131.21,199.459,0],"ix":2},"a":{"a":0,"k":[4.088,1.903,0],"ix":1},"s":{"a":0,"k":[100,100,100],"ix":6}},"ao":0,"shapes":[{"ty":"gr","it":[{"ind":0,"ty":"sh","ix":1,"ks":{"a":0,"k":{"i":[[0,0],[1.891,-0.424],[0.234,-0.278],[-0.041,-0.309],[-0.683,0.153],[-1.891,0.424],[-0.234,0.278],[0.042,0.309],[0.682,-0.153]],"o":[[-1.892,0.425],[-0.341,0.077],[-0.196,0.235],[0.079,0.598],[1.891,-0.424],[0.339,-0.077],[0.197,-0.235],[-0.079,-0.598],[0,0]],"v":[[6.815,0.021],[1.143,1.295],[0.294,1.736],[0.007,2.648],[1.361,3.784],[7.033,2.511],[7.881,2.069],[8.167,1.157],[6.815,0.021]],"c":false},"ix":2},"nm":"Path 1","mn":"ADBE Vector Shape - Group","hd":false},{"ty":"fl","c":{"a":0,"k":[1,0.882352941176,0.643137254902,1],"ix":4},"o":{"a":0,"k":100,"ix":5},"r":1,"bm":0,"nm":"Fill 1","mn":"ADBE Vector Graphic - Fill","hd":false},{"ty":"tr","p":{"a":0,"k":[0,0],"ix":2},"a":{"a":0,"k":[0,0],"ix":1},"s":{"a":0,"k":[100,100],"ix":3},"r":{"a":0,"k":0,"ix":6},"o":{"a":0,"k":100,"ix":7},"sk":{"a":0,"k":0,"ix":4},"sa":{"a":0,"k":0,"ix":5},"nm":"Transform"}],"nm":"Caminho 3207","np":2,"cix":2,"bm":0,"ix":1,"mn":"ADBE Vector Group","hd":false}],"ip":0,"op":3600,"st":0,"bm":0},{"ddd":0,"ind":18,"ty":4,"nm":"Caminho 3206","sr":1,"ks":{"o":{"a":0,"k":100,"ix":11},"r":{"a":0,"k":0,"ix":10},"p":{"a":0,"k":[108.673,203.143,0],"ix":2},"a":{"a":0,"k":[1.721,4.032,0],"ix":1},"s":{"a":0,"k":[100,100,100],"ix":6}},"ao":0,"shapes":[{"ty":"gr","it":[{"ind":0,"ty":"sh","ix":1,"ks":{"a":0,"k":{"i":[[0,0],[0.705,-0.093],[-0.114,-0.69],[-0.309,-1.851],[-0.706,0.094],[0.114,0.691],[0.309,1.852]],"o":[[-0.108,-0.643],[-0.628,0.083],[0.31,1.852],[0.108,0.644],[0.627,-0.083],[-0.309,-1.851],[0,0]],"v":[[2.503,1.146],[1.15,0.01],[0.014,1.363],[0.94,6.918],[2.294,8.054],[3.429,6.701],[2.503,1.146]],"c":false},"ix":2},"nm":"Path 1","mn":"ADBE Vector Shape - Group","hd":false},{"ty":"fl","c":{"a":0,"k":[1,0.882352941176,0.643137254902,1],"ix":4},"o":{"a":0,"k":100,"ix":5},"r":1,"bm":0,"nm":"Fill 1","mn":"ADBE Vector Graphic - Fill","hd":false},{"ty":"tr","p":{"a":0,"k":[0,0],"ix":2},"a":{"a":0,"k":[0,0],"ix":1},"s":{"a":0,"k":[100,100],"ix":3},"r":{"a":0,"k":0,"ix":6},"o":{"a":0,"k":100,"ix":7},"sk":{"a":0,"k":0,"ix":4},"sa":{"a":0,"k":0,"ix":5},"nm":"Transform"}],"nm":"Caminho 3206","np":2,"cix":2,"bm":0,"ix":1,"mn":"ADBE Vector Group","hd":false}],"ip":0,"op":3600,"st":0,"bm":0},{"ddd":0,"ind":19,"ty":4,"nm":"Caminho 3205","sr":1,"ks":{"o":{"a":0,"k":100,"ix":11},"r":{"a":0,"k":0,"ix":10},"p":{"a":0,"k":[114.825,168.35,0],"ix":2},"a":{"a":0,"k":[2.045,3.258,0],"ix":1},"s":{"a":0,"k":[100,100,100],"ix":6}},"ao":0,"shapes":[{"ty":"gr","it":[{"ind":0,"ty":"sh","ix":1,"ks":{"a":0,"k":{"i":[[0,0],[0.26,-0.647],[0.543,-1.349],[-0.647,-0.272],[-0.261,0.647],[-0.543,1.35],[0.647,0.272]],"o":[[-0.593,-0.25],[-0.543,1.35],[-0.244,0.605],[0.593,0.249],[0.543,-1.35],[0.244,-0.605],[0,0]],"v":[[3.393,0.105],[1.73,0.7],[0.102,4.748],[0.697,6.413],[2.362,5.817],[3.989,1.768],[3.393,0.105]],"c":false},"ix":2},"nm":"Path 1","mn":"ADBE Vector Shape - Group","hd":false},{"ty":"fl","c":{"a":0,"k":[1,0.882352941176,0.643137254902,1],"ix":4},"o":{"a":0,"k":100,"ix":5},"r":1,"bm":0,"nm":"Fill 1","mn":"ADBE Vector Graphic - Fill","hd":false},{"ty":"tr","p":{"a":0,"k":[0,0],"ix":2},"a":{"a":0,"k":[0,0],"ix":1},"s":{"a":0,"k":[100,100],"ix":3},"r":{"a":0,"k":0,"ix":6},"o":{"a":0,"k":100,"ix":7},"sk":{"a":0,"k":0,"ix":4},"sa":{"a":0,"k":0,"ix":5},"nm":"Transform"}],"nm":"Caminho 3205","np":2,"cix":2,"bm":0,"ix":1,"mn":"ADBE Vector Group","hd":false}],"ip":0,"op":3600,"st":0,"bm":0},{"ddd":0,"ind":20,"ty":4,"nm":"Caminho 3204","sr":1,"ks":{"o":{"a":0,"k":100,"ix":11},"r":{"a":0,"k":0,"ix":10},"p":{"a":0,"k":[129.192,159.442,0],"ix":2},"a":{"a":0,"k":[3.335,1.667,0],"ix":1},"s":{"a":0,"k":[100,100,100],"ix":6}},"ao":0,"shapes":[{"ty":"gr","it":[{"ind":0,"ty":"sh","ix":1,"ks":{"a":0,"k":{"i":[[0,0],[1.39,-0.269],[0.229,-0.27],[-0.041,-0.309],[-0.687,0.134],[-1.389,0.269],[-0.227,0.27],[0.043,0.308],[0.687,-0.134]],"o":[[-1.39,0.27],[-0.336,0.066],[-0.197,0.235],[0.081,0.614],[1.39,-0.27],[0.336,-0.066],[0.197,-0.235],[-0.08,-0.614],[0,0]],"v":[[5.31,0.018],[1.143,0.827],[0.295,1.269],[0.007,2.181],[1.361,3.317],[5.528,2.507],[6.376,2.065],[6.662,1.153],[5.31,0.018]],"c":false},"ix":2},"nm":"Path 1","mn":"ADBE Vector Shape - Group","hd":false},{"ty":"fl","c":{"a":0,"k":[1,0.882352941176,0.643137254902,1],"ix":4},"o":{"a":0,"k":100,"ix":5},"r":1,"bm":0,"nm":"Fill 1","mn":"ADBE Vector Graphic - Fill","hd":false},{"ty":"tr","p":{"a":0,"k":[0,0],"ix":2},"a":{"a":0,"k":[0,0],"ix":1},"s":{"a":0,"k":[100,100],"ix":3},"r":{"a":0,"k":0,"ix":6},"o":{"a":0,"k":100,"ix":7},"sk":{"a":0,"k":0,"ix":4},"sa":{"a":0,"k":0,"ix":5},"nm":"Transform"}],"nm":"Caminho 3204","np":2,"cix":2,"bm":0,"ix":1,"mn":"ADBE Vector Group","hd":false}],"ip":0,"op":3600,"st":0,"bm":0},{"ddd":0,"ind":21,"ty":4,"nm":"Caminho 3203","sr":1,"ks":{"o":{"a":0,"k":100,"ix":11},"r":{"a":0,"k":0,"ix":10},"p":{"a":0,"k":[134.052,167.488,0],"ix":2},"a":{"a":0,"k":[1.362,3.8,0],"ix":1},"s":{"a":0,"k":[100,100,100],"ix":6}},"ao":0,"shapes":[{"ty":"gr","it":[{"ind":0,"ty":"sh","ix":1,"ks":{"a":0,"k":{"i":[[0,0],[0.649,-0.086],[-0.031,-0.7],[0,0],[-0.649,0.087],[0.032,0.7]],"o":[[-0.03,-0.654],[-0.695,0.092],[0,0],[0.031,0.654],[0.695,-0.092],[0,0]],"v":[[2.491,1.144],[1.138,0.009],[0.001,1.362],[0.233,6.455],[1.587,7.591],[2.722,6.237]],"c":true},"ix":2},"nm":"Path 1","mn":"ADBE Vector Shape - Group","hd":false},{"ty":"fl","c":{"a":0,"k":[1,0.882352941176,0.643137254902,1],"ix":4},"o":{"a":0,"k":100,"ix":5},"r":1,"bm":0,"nm":"Fill 1","mn":"ADBE Vector Graphic - Fill","hd":false},{"ty":"tr","p":{"a":0,"k":[0,0],"ix":2},"a":{"a":0,"k":[0,0],"ix":1},"s":{"a":0,"k":[100,100],"ix":3},"r":{"a":0,"k":0,"ix":6},"o":{"a":0,"k":100,"ix":7},"sk":{"a":0,"k":0,"ix":4},"sa":{"a":0,"k":0,"ix":5},"nm":"Transform"}],"nm":"Caminho 3203","np":2,"cix":2,"bm":0,"ix":1,"mn":"ADBE Vector Group","hd":false}],"ip":0,"op":3600,"st":0,"bm":0},{"ddd":0,"ind":22,"ty":4,"nm":"Caminho 3202","sr":1,"ks":{"o":{"a":0,"k":100,"ix":11},"r":{"a":0,"k":0,"ix":10},"p":{"a":0,"k":[130.928,184.732,0],"ix":2},"a":{"a":0,"k":[3.913,1.92,0],"ix":1},"s":{"a":0,"k":[100,100,100],"ix":6}},"ao":0,"shapes":[{"ty":"gr","it":[{"ind":0,"ty":"sh","ix":1,"ks":{"a":0,"k":{"i":[[0,0],[0.68,-0.177],[1.776,-0.462],[-0.245,-0.577],[-0.68,0.177],[-1.775,0.461],[0.245,0.578]],"o":[[-0.286,-0.676],[-1.775,0.461],[-0.634,0.165],[0.285,0.676],[1.775,-0.462],[0.634,-0.166],[0,0]],"v":[[7.746,0.791],[6.139,0.057],[0.813,1.442],[0.079,3.048],[1.685,3.784],[7.011,2.399],[7.746,0.791]],"c":false},"ix":2},"nm":"Path 1","mn":"ADBE Vector Shape - Group","hd":false},{"ty":"fl","c":{"a":0,"k":[1,0.882352941176,0.643137254902,1],"ix":4},"o":{"a":0,"k":100,"ix":5},"r":1,"bm":0,"nm":"Fill 1","mn":"ADBE Vector Graphic - Fill","hd":false},{"ty":"tr","p":{"a":0,"k":[0,0],"ix":2},"a":{"a":0,"k":[0,0],"ix":1},"s":{"a":0,"k":[100,100],"ix":3},"r":{"a":0,"k":0,"ix":6},"o":{"a":0,"k":100,"ix":7},"sk":{"a":0,"k":0,"ix":4},"sa":{"a":0,"k":0,"ix":5},"nm":"Transform"}],"nm":"Caminho 3202","np":2,"cix":2,"bm":0,"ix":1,"mn":"ADBE Vector Group","hd":false}],"ip":0,"op":3600,"st":0,"bm":0},{"ddd":0,"ind":23,"ty":4,"nm":"Caminho 3201","sr":1,"ks":{"o":{"a":0,"k":100,"ix":11},"r":{"a":0,"k":0,"ix":10},"p":{"a":0,"k":[123.174,183.53,0],"ix":2},"a":{"a":0,"k":[1.885,4.425,0],"ix":1},"s":{"a":0,"k":[100,100,100],"ix":6}},"ao":0,"shapes":[{"ty":"gr","it":[{"ind":0,"ty":"sh","ix":1,"ks":{"a":0,"k":{"i":[[0,0],[0.137,-0.685],[0.423,-2.121],[-0.662,-0.091],[-0.137,0.685],[-0.424,2.122],[0.661,0.091]],"o":[[-0.679,-0.093],[-0.424,2.122],[-0.13,0.642],[0.679,0.093],[0.424,-2.122],[0.127,-0.64],[0,0]],"v":[[2.747,0.013],[1.293,1.016],[0.022,7.382],[1.025,8.838],[2.479,7.835],[3.75,1.468],[2.747,0.013]],"c":false},"ix":2},"nm":"Path 1","mn":"ADBE Vector Shape - Group","hd":false},{"ty":"fl","c":{"a":0,"k":[1,0.882352941176,0.643137254902,1],"ix":4},"o":{"a":0,"k":100,"ix":5},"r":1,"bm":0,"nm":"Fill 1","mn":"ADBE Vector Graphic - Fill","hd":false},{"ty":"tr","p":{"a":0,"k":[0,0],"ix":2},"a":{"a":0,"k":[0,0],"ix":1},"s":{"a":0,"k":[100,100],"ix":3},"r":{"a":0,"k":0,"ix":6},"o":{"a":0,"k":100,"ix":7},"sk":{"a":0,"k":0,"ix":4},"sa":{"a":0,"k":0,"ix":5},"nm":"Transform"}],"nm":"Caminho 3201","np":2,"cix":2,"bm":0,"ix":1,"mn":"ADBE Vector Group","hd":false}],"ip":0,"op":3600,"st":0,"bm":0},{"ddd":0,"ind":24,"ty":4,"nm":"Caminho 3200","sr":1,"ks":{"o":{"a":0,"k":100,"ix":11},"r":{"a":0,"k":0,"ix":10},"p":{"a":0,"k":[110.395,190.772,0],"ix":2},"a":{"a":0,"k":[3.741,2.851,0],"ix":1},"s":{"a":0,"k":[100,100,100],"ix":6}},"ao":0,"shapes":[{"ty":"gr","it":[{"ind":0,"ty":"sh","ix":1,"ks":{"a":0,"k":{"i":[[0,0],[0.588,-0.38],[0,0],[-0.402,-0.517],[-0.588,0.379],[-1.662,1.074],[0.401,0.517]],"o":[[-0.43,-0.553],[0,0],[-0.549,0.355],[0.428,0.553],[1.663,-1.075],[0.549,-0.355],[0,0]],"v":[[7.254,0.516],[5.513,0.219],[0.524,3.444],[0.228,5.185],[1.968,5.483],[6.956,2.258],[7.254,0.516]],"c":false},"ix":2},"nm":"Path 1","mn":"ADBE Vector Shape - Group","hd":false},{"ty":"fl","c":{"a":0,"k":[1,0.882352941176,0.643137254902,1],"ix":4},"o":{"a":0,"k":100,"ix":5},"r":1,"bm":0,"nm":"Fill 1","mn":"ADBE Vector Graphic - Fill","hd":false},{"ty":"tr","p":{"a":0,"k":[0,0],"ix":2},"a":{"a":0,"k":[0,0],"ix":1},"s":{"a":0,"k":[100,100],"ix":3},"r":{"a":0,"k":0,"ix":6},"o":{"a":0,"k":100,"ix":7},"sk":{"a":0,"k":0,"ix":4},"sa":{"a":0,"k":0,"ix":5},"nm":"Transform"}],"nm":"Caminho 3200","np":2,"cix":2,"bm":0,"ix":1,"mn":"ADBE Vector Group","hd":false}],"ip":0,"op":3600,"st":0,"bm":0},{"ddd":0,"ind":25,"ty":4,"nm":"Caminho 3199","sr":1,"ks":{"o":{"a":0,"k":100,"ix":11},"r":{"a":0,"k":0,"ix":10},"p":{"a":0,"k":[114.289,180.421,0],"ix":2},"a":{"a":0,"k":[3.964,4.081,0],"ix":1},"s":{"a":0,"k":[100,100,100],"ix":6}},"ao":0,"shapes":[{"ty":"gr","it":[{"ind":0,"ty":"sh","ix":1,"ks":{"a":0,"k":{"i":[[0,0],[1.817,1.886],[0.381,-0.497],[-0.484,-0.504],[-1.816,-1.886],[-0.381,0.497],[0.484,0.504]],"o":[[-1.818,-1.886],[-0.457,-0.473],[-0.45,0.583],[1.817,1.886],[0.455,0.472],[0.449,-0.583],[0,0]],"v":[[7.493,5.954],[2.041,0.295],[0.282,0.448],[0.434,2.208],[5.886,7.868],[7.646,7.714],[7.493,5.954]],"c":false},"ix":2},"nm":"Path 1","mn":"ADBE Vector Shape - Group","hd":false},{"ty":"fl","c":{"a":0,"k":[1,0.882352941176,0.643137254902,1],"ix":4},"o":{"a":0,"k":100,"ix":5},"r":1,"bm":0,"nm":"Fill 1","mn":"ADBE Vector Graphic - Fill","hd":false},{"ty":"tr","p":{"a":0,"k":[0,0],"ix":2},"a":{"a":0,"k":[0,0],"ix":1},"s":{"a":0,"k":[100,100],"ix":3},"r":{"a":0,"k":0,"ix":6},"o":{"a":0,"k":100,"ix":7},"sk":{"a":0,"k":0,"ix":4},"sa":{"a":0,"k":0,"ix":5},"nm":"Transform"}],"nm":"Caminho 3199","np":2,"cix":2,"bm":0,"ix":1,"mn":"ADBE Vector Group","hd":false}],"ip":0,"op":3600,"st":0,"bm":0},{"ddd":0,"ind":26,"ty":4,"nm":"Caminho 3198","sr":1,"ks":{"o":{"a":0,"k":100,"ix":11},"r":{"a":0,"k":0,"ix":10},"p":{"a":0,"k":[162.114,182.802,0],"ix":2},"a":{"a":0,"k":[2.597,2.598,0],"ix":1},"s":{"a":0,"k":[100,100,100],"ix":6}},"ao":0,"shapes":[{"ty":"gr","it":[{"ind":0,"ty":"sh","ix":1,"ks":{"a":0,"k":{"i":[[0,0],[1.434,0],[0,1.435],[-1.436,0],[0,-1.435]],"o":[[0,1.435],[-1.436,0],[0,-1.435],[1.434,0],[0,0]],"v":[[5.195,2.598],[2.598,5.196],[0,2.598],[2.598,0],[5.195,2.598]],"c":false},"ix":2},"nm":"Path 1","mn":"ADBE Vector Shape - Group","hd":false},{"ty":"fl","c":{"a":0,"k":[0.949019607843,0.360784313725,0.360784313725,1],"ix":4},"o":{"a":0,"k":100,"ix":5},"r":1,"bm":0,"nm":"Fill 1","mn":"ADBE Vector Graphic - Fill","hd":false},{"ty":"tr","p":{"a":0,"k":[0,0],"ix":2},"a":{"a":0,"k":[0,0],"ix":1},"s":{"a":0,"k":[100,100],"ix":3},"r":{"a":0,"k":0,"ix":6},"o":{"a":0,"k":100,"ix":7},"sk":{"a":0,"k":0,"ix":4},"sa":{"a":0,"k":0,"ix":5},"nm":"Transform"}],"nm":"Caminho 3198","np":2,"cix":2,"bm":0,"ix":1,"mn":"ADBE Vector Group","hd":false}],"ip":0,"op":3600,"st":0,"bm":0},{"ddd":0,"ind":27,"ty":4,"nm":"Caminho 3197","sr":1,"ks":{"o":{"a":0,"k":100,"ix":11},"r":{"a":0,"k":0,"ix":10},"p":{"a":0,"k":[148.128,179.315,0],"ix":2},"a":{"a":0,"k":[3.488,3.487,0],"ix":1},"s":{"a":0,"k":[100,100,100],"ix":6}},"ao":0,"shapes":[{"ty":"gr","it":[{"ind":0,"ty":"sh","ix":1,"ks":{"a":0,"k":{"i":[[0,0],[1.926,0],[0,1.926],[-1.926,0],[0,-1.926]],"o":[[0,1.926],[-1.926,0],[0,-1.926],[1.926,0],[0,0]],"v":[[6.976,3.487],[3.488,6.975],[0,3.487],[3.488,0],[6.976,3.487]],"c":false},"ix":2},"nm":"Path 1","mn":"ADBE Vector Shape - Group","hd":false},{"ty":"fl","c":{"a":0,"k":[0.949019607843,0.360784313725,0.360784313725,1],"ix":4},"o":{"a":0,"k":100,"ix":5},"r":1,"bm":0,"nm":"Fill 1","mn":"ADBE Vector Graphic - Fill","hd":false},{"ty":"tr","p":{"a":0,"k":[0,0],"ix":2},"a":{"a":0,"k":[0,0],"ix":1},"s":{"a":0,"k":[100,100],"ix":3},"r":{"a":0,"k":0,"ix":6},"o":{"a":0,"k":100,"ix":7},"sk":{"a":0,"k":0,"ix":4},"sa":{"a":0,"k":0,"ix":5},"nm":"Transform"}],"nm":"Caminho 3197","np":2,"cix":2,"bm":0,"ix":1,"mn":"ADBE Vector Group","hd":false}],"ip":0,"op":3600,"st":0,"bm":0},{"ddd":0,"ind":28,"ty":4,"nm":"Caminho 3196","sr":1,"ks":{"o":{"a":0,"k":100,"ix":11},"r":{"a":0,"k":0,"ix":10},"p":{"a":0,"k":[153.609,168.568,0],"ix":2},"a":{"a":0,"k":[4.697,4.697,0],"ix":1},"s":{"a":0,"k":[100,100,100],"ix":6}},"ao":0,"shapes":[{"ty":"gr","it":[{"ind":0,"ty":"sh","ix":1,"ks":{"a":0,"k":{"i":[[0,0],[2.594,0],[0,2.595],[-2.596,0],[0,-2.595]],"o":[[0,2.595],[-2.596,0],[0,-2.595],[2.594,0],[0,0]],"v":[[9.395,4.696],[4.698,9.394],[0,4.696],[4.698,0],[9.395,4.696]],"c":false},"ix":2},"nm":"Path 1","mn":"ADBE Vector Shape - Group","hd":false},{"ty":"fl","c":{"a":0,"k":[0.949019607843,0.360784313725,0.360784313725,1],"ix":4},"o":{"a":0,"k":100,"ix":5},"r":1,"bm":0,"nm":"Fill 1","mn":"ADBE Vector Graphic - Fill","hd":false},{"ty":"tr","p":{"a":0,"k":[0,0],"ix":2},"a":{"a":0,"k":[0,0],"ix":1},"s":{"a":0,"k":[100,100],"ix":3},"r":{"a":0,"k":0,"ix":6},"o":{"a":0,"k":100,"ix":7},"sk":{"a":0,"k":0,"ix":4},"sa":{"a":0,"k":0,"ix":5},"nm":"Transform"}],"nm":"Caminho 3196","np":2,"cix":2,"bm":0,"ix":1,"mn":"ADBE Vector Group","hd":false}],"ip":0,"op":3600,"st":0,"bm":0},{"ddd":0,"ind":29,"ty":4,"nm":"Caminho 3195","sr":1,"ks":{"o":{"a":0,"k":100,"ix":11},"r":{"a":0,"k":0,"ix":10},"p":{"a":0,"k":[156.945,171.642,0],"ix":2},"a":{"a":0,"k":[15.293,15.292,0],"ix":1},"s":{"a":0,"k":[100,100,100],"ix":6}},"ao":0,"shapes":[{"ty":"gr","it":[{"ind":0,"ty":"sh","ix":1,"ks":{"a":0,"k":{"i":[[0,0],[0,0],[0,0],[0,-16.898]],"o":[[0,0],[0,0],[16.898,0],[0,0]],"v":[[30.585,30.584],[0,30.584],[0,0],[30.585,30.584]],"c":false},"ix":2},"nm":"Path 1","mn":"ADBE Vector Shape - Group","hd":false},{"ty":"fl","c":{"a":0,"k":[0.9294117647058824,0.6745098039215687,0.2901960784313726,1],"ix":4},"o":{"a":0,"k":100,"ix":5},"r":1,"bm":0,"nm":"Fill 1","mn":"ADBE Vector Graphic - Fill","hd":false},{"ty":"tr","p":{"a":0,"k":[0,0],"ix":2},"a":{"a":0,"k":[0,0],"ix":1},"s":{"a":0,"k":[100,100],"ix":3},"r":{"a":0,"k":0,"ix":6},"o":{"a":0,"k":100,"ix":7},"sk":{"a":0,"k":0,"ix":4},"sa":{"a":0,"k":0,"ix":5},"nm":"Transform"}],"nm":"Caminho 3195","np":2,"cix":2,"bm":0,"ix":1,"mn":"ADBE Vector Group","hd":false}],"ip":0,"op":3600,"st":0,"bm":0},{"ddd":0,"ind":30,"ty":4,"nm":"Caminho 3194","sr":1,"ks":{"o":{"a":0,"k":100,"ix":11},"r":{"a":0,"k":0,"ix":10},"p":{"a":0,"k":[159.517,169.069,0],"ix":2},"a":{"a":0,"k":[17.865,17.865,0],"ix":1},"s":{"a":0,"k":[100,100,100],"ix":6}},"ao":0,"shapes":[{"ty":"gr","it":[{"ind":0,"ty":"sh","ix":1,"ks":{"a":0,"k":{"i":[[0,0],[0,0],[0,0],[0,-19.74]],"o":[[0,0],[0,0],[19.738,0],[0,0]],"v":[[35.73,35.73],[0,35.73],[0,0],[35.73,35.73]],"c":false},"ix":2},"nm":"Path 1","mn":"ADBE Vector Shape - Group","hd":false},{"ty":"fl","c":{"a":0,"k":[1,0.882352941176,0.643137254902,1],"ix":4},"o":{"a":0,"k":100,"ix":5},"r":1,"bm":0,"nm":"Fill 1","mn":"ADBE Vector Graphic - Fill","hd":false},{"ty":"tr","p":{"a":0,"k":[0,0],"ix":2},"a":{"a":0,"k":[0,0],"ix":1},"s":{"a":0,"k":[100,100],"ix":3},"r":{"a":0,"k":0,"ix":6},"o":{"a":0,"k":100,"ix":7},"sk":{"a":0,"k":0,"ix":4},"sa":{"a":0,"k":0,"ix":5},"nm":"Transform"}],"nm":"Caminho 3194","np":2,"cix":2,"bm":0,"ix":1,"mn":"ADBE Vector Group","hd":false}],"ip":0,"op":3600,"st":0,"bm":0},{"ddd":0,"ind":31,"ty":4,"nm":"Caminho 3193","sr":1,"ks":{"o":{"a":0,"k":100,"ix":11},"r":{"a":0,"k":0,"ix":10},"p":{"a":0,"k":[160.219,203.176,0],"ix":2},"a":{"a":0,"k":[3.382,3.382,0],"ix":1},"s":{"a":0,"k":[100,100,100],"ix":6}},"ao":0,"shapes":[{"ty":"gr","it":[{"ind":0,"ty":"sh","ix":1,"ks":{"a":0,"k":{"i":[[0,0],[1.867,0],[0,1.867],[-1.867,0],[0,-1.868]],"o":[[0,1.867],[-1.867,0],[0,-1.868],[1.867,0],[0,0]],"v":[[6.764,3.382],[3.382,6.765],[0,3.382],[3.382,0],[6.764,3.382]],"c":false},"ix":2},"nm":"Path 1","mn":"ADBE Vector Shape - Group","hd":false},{"ty":"fl","c":{"a":0,"k":[0.949019607843,0.360784313725,0.360784313725,1],"ix":4},"o":{"a":0,"k":100,"ix":5},"r":1,"bm":0,"nm":"Fill 1","mn":"ADBE Vector Graphic - Fill","hd":false},{"ty":"tr","p":{"a":0,"k":[0,0],"ix":2},"a":{"a":0,"k":[0,0],"ix":1},"s":{"a":0,"k":[100,100],"ix":3},"r":{"a":0,"k":0,"ix":6},"o":{"a":0,"k":100,"ix":7},"sk":{"a":0,"k":0,"ix":4},"sa":{"a":0,"k":0,"ix":5},"nm":"Transform"}],"nm":"Caminho 3193","np":2,"cix":2,"bm":0,"ix":1,"mn":"ADBE Vector Group","hd":false}],"ip":0,"op":3600,"st":0,"bm":0},{"ddd":0,"ind":32,"ty":4,"nm":"Caminho 3192","sr":1,"ks":{"o":{"a":0,"k":100,"ix":11},"r":{"a":0,"k":0,"ix":10},"p":{"a":0,"k":[147.777,200.305,0],"ix":2},"a":{"a":0,"k":[3.828,3.828,0],"ix":1},"s":{"a":0,"k":[100,100,100],"ix":6}},"ao":0,"shapes":[{"ty":"gr","it":[{"ind":0,"ty":"sh","ix":1,"ks":{"a":0,"k":{"i":[[0,0],[2.114,0],[0,2.115],[-2.115,0],[0,-2.115]],"o":[[0,2.115],[-2.115,0],[0,-2.115],[2.114,0],[0,0]],"v":[[7.657,3.828],[3.829,7.657],[0,3.828],[3.829,0],[7.657,3.828]],"c":false},"ix":2},"nm":"Path 1","mn":"ADBE Vector Shape - Group","hd":false},{"ty":"fl","c":{"a":0,"k":[0.949019607843,0.360784313725,0.360784313725,1],"ix":4},"o":{"a":0,"k":100,"ix":5},"r":1,"bm":0,"nm":"Fill 1","mn":"ADBE Vector Graphic - Fill","hd":false},{"ty":"tr","p":{"a":0,"k":[0,0],"ix":2},"a":{"a":0,"k":[0,0],"ix":1},"s":{"a":0,"k":[100,100],"ix":3},"r":{"a":0,"k":0,"ix":6},"o":{"a":0,"k":100,"ix":7},"sk":{"a":0,"k":0,"ix":4},"sa":{"a":0,"k":0,"ix":5},"nm":"Transform"}],"nm":"Caminho 3192","np":2,"cix":2,"bm":0,"ix":1,"mn":"ADBE Vector Group","hd":false}],"ip":0,"op":3600,"st":0,"bm":0},{"ddd":0,"ind":33,"ty":4,"nm":"Caminho 3191","sr":1,"ks":{"o":{"a":0,"k":100,"ix":11},"r":{"a":0,"k":0,"ix":10},"p":{"a":0,"k":[130.486,210.45,0],"ix":2},"a":{"a":0,"k":[3.892,3.892,0],"ix":1},"s":{"a":0,"k":[100,100,100],"ix":6}},"ao":0,"shapes":[{"ty":"gr","it":[{"ind":0,"ty":"sh","ix":1,"ks":{"a":0,"k":{"i":[[0,0],[2.15,0],[0,2.15],[-2.15,0],[0,-2.15]],"o":[[0,2.15],[-2.15,0],[0,-2.15],[2.15,0],[0,0]],"v":[[7.784,3.892],[3.892,7.784],[0,3.892],[3.892,0],[7.784,3.892]],"c":false},"ix":2},"nm":"Path 1","mn":"ADBE Vector Shape - Group","hd":false},{"ty":"fl","c":{"a":0,"k":[0.949019607843,0.360784313725,0.360784313725,1],"ix":4},"o":{"a":0,"k":100,"ix":5},"r":1,"bm":0,"nm":"Fill 1","mn":"ADBE Vector Graphic - Fill","hd":false},{"ty":"tr","p":{"a":0,"k":[0,0],"ix":2},"a":{"a":0,"k":[0,0],"ix":1},"s":{"a":0,"k":[100,100],"ix":3},"r":{"a":0,"k":0,"ix":6},"o":{"a":0,"k":100,"ix":7},"sk":{"a":0,"k":0,"ix":4},"sa":{"a":0,"k":0,"ix":5},"nm":"Transform"}],"nm":"Caminho 3191","np":2,"cix":2,"bm":0,"ix":1,"mn":"ADBE Vector Group","hd":false}],"ip":0,"op":3600,"st":0,"bm":0},{"ddd":0,"ind":34,"ty":4,"nm":"Caminho 3190","sr":1,"ks":{"o":{"a":0,"k":100,"ix":11},"r":{"a":0,"k":0,"ix":10},"p":{"a":0,"k":[127.465,193.733,0],"ix":2},"a":{"a":0,"k":[2.744,2.744,0],"ix":1},"s":{"a":0,"k":[100,100,100],"ix":6}},"ao":0,"shapes":[{"ty":"gr","it":[{"ind":0,"ty":"sh","ix":1,"ks":{"a":0,"k":{"i":[[0,0],[1.515,0],[0,1.515],[-1.516,0],[0,-1.515]],"o":[[0,1.515],[-1.516,0],[0,-1.515],[1.515,0],[0,0]],"v":[[5.487,2.744],[2.744,5.488],[0,2.744],[2.744,0],[5.487,2.744]],"c":false},"ix":2},"nm":"Path 1","mn":"ADBE Vector Shape - Group","hd":false},{"ty":"fl","c":{"a":0,"k":[0.949019607843,0.360784313725,0.360784313725,1],"ix":4},"o":{"a":0,"k":100,"ix":5},"r":1,"bm":0,"nm":"Fill 1","mn":"ADBE Vector Graphic - Fill","hd":false},{"ty":"tr","p":{"a":0,"k":[0,0],"ix":2},"a":{"a":0,"k":[0,0],"ix":1},"s":{"a":0,"k":[100,100],"ix":3},"r":{"a":0,"k":0,"ix":6},"o":{"a":0,"k":100,"ix":7},"sk":{"a":0,"k":0,"ix":4},"sa":{"a":0,"k":0,"ix":5},"nm":"Transform"}],"nm":"Caminho 3190","np":2,"cix":2,"bm":0,"ix":1,"mn":"ADBE Vector Group","hd":false}],"ip":0,"op":3600,"st":0,"bm":0},{"ddd":0,"ind":35,"ty":4,"nm":"Caminho 3189","sr":1,"ks":{"o":{"a":0,"k":100,"ix":11},"r":{"a":0,"k":0,"ix":10},"p":{"a":0,"k":[117.532,203.24,0],"ix":2},"a":{"a":0,"k":[5.743,5.743,0],"ix":1},"s":{"a":0,"k":[100,100,100],"ix":6}},"ao":0,"shapes":[{"ty":"gr","it":[{"ind":0,"ty":"sh","ix":1,"ks":{"a":0,"k":{"i":[[0,0],[3.173,0],[0,3.171],[-3.17,0],[0,-3.171]],"o":[[0,3.171],[-3.17,0],[0,-3.171],[3.173,0],[0,0]],"v":[[11.485,5.743],[5.742,11.486],[0,5.743],[5.742,0],[11.485,5.743]],"c":false},"ix":2},"nm":"Path 1","mn":"ADBE Vector Shape - Group","hd":false},{"ty":"fl","c":{"a":0,"k":[0.949019607843,0.360784313725,0.360784313725,1],"ix":4},"o":{"a":0,"k":100,"ix":5},"r":1,"bm":0,"nm":"Fill 1","mn":"ADBE Vector Graphic - Fill","hd":false},{"ty":"tr","p":{"a":0,"k":[0,0],"ix":2},"a":{"a":0,"k":[0,0],"ix":1},"s":{"a":0,"k":[100,100],"ix":3},"r":{"a":0,"k":0,"ix":6},"o":{"a":0,"k":100,"ix":7},"sk":{"a":0,"k":0,"ix":4},"sa":{"a":0,"k":0,"ix":5},"nm":"Transform"}],"nm":"Caminho 3189","np":2,"cix":2,"bm":0,"ix":1,"mn":"ADBE Vector Group","hd":false}],"ip":0,"op":3600,"st":0,"bm":0},{"ddd":0,"ind":36,"ty":4,"nm":"Caminho 3188","sr":1,"ks":{"o":{"a":0,"k":100,"ix":11},"r":{"a":0,"k":0,"ix":10},"p":{"a":0,"k":[124.722,170.231,0],"ix":2},"a":{"a":0,"k":[6.211,6.211,0],"ix":1},"s":{"a":0,"k":[100,100,100],"ix":6}},"ao":0,"shapes":[{"ty":"gr","it":[{"ind":0,"ty":"sh","ix":1,"ks":{"a":0,"k":{"i":[[0,0],[3.431,0],[0,3.431],[-3.43,0],[0,-3.43]],"o":[[0,3.431],[-3.43,0],[0,-3.43],[3.431,0],[0,0]],"v":[[12.422,6.21],[6.211,12.421],[0,6.21],[6.211,0],[12.422,6.21]],"c":false},"ix":2},"nm":"Path 1","mn":"ADBE Vector Shape - Group","hd":false},{"ty":"fl","c":{"a":0,"k":[0.949019607843,0.360784313725,0.360784313725,1],"ix":4},"o":{"a":0,"k":100,"ix":5},"r":1,"bm":0,"nm":"Fill 1","mn":"ADBE Vector Graphic - Fill","hd":false},{"ty":"tr","p":{"a":0,"k":[0,0],"ix":2},"a":{"a":0,"k":[0,0],"ix":1},"s":{"a":0,"k":[100,100],"ix":3},"r":{"a":0,"k":0,"ix":6},"o":{"a":0,"k":100,"ix":7},"sk":{"a":0,"k":0,"ix":4},"sa":{"a":0,"k":0,"ix":5},"nm":"Transform"}],"nm":"Caminho 3188","np":2,"cix":2,"bm":0,"ix":1,"mn":"ADBE Vector Group","hd":false}],"ip":0,"op":3600,"st":0,"bm":0},{"ddd":0,"ind":37,"ty":4,"nm":"Caminho 3187","sr":1,"ks":{"o":{"a":0,"k":100,"ix":11},"r":{"a":0,"k":0,"ix":10},"p":{"a":0,"k":[138.249,189.716,0],"ix":2},"a":{"a":0,"k":[36.56,36.559,0],"ix":1},"s":{"a":0,"k":[100,100,100],"ix":6}},"ao":0,"shapes":[{"ty":"gr","it":[{"ind":0,"ty":"sh","ix":1,"ks":{"a":0,"k":{"i":[[0,0],[20.198,0],[0,20.18],[-20.199,0],[0,0]],"o":[[0,20.18],[-20.199,0],[0,-20.199],[0,0],[0,0]],"v":[[73.12,36.559],[36.56,73.118],[0,36.559],[36.56,0],[36.56,36.559]],"c":true},"ix":2},"nm":"Path 1","mn":"ADBE Vector Shape - Group","hd":false},{"ty":"fl","c":{"a":0,"k":[0.9294117647058824,0.6745098039215687,0.2901960784313726,1],"ix":4},"o":{"a":0,"k":100,"ix":5},"r":1,"bm":0,"nm":"Fill 1","mn":"ADBE Vector Graphic - Fill","hd":false},{"ty":"tr","p":{"a":0,"k":[0,0],"ix":2},"a":{"a":0,"k":[0,0],"ix":1},"s":{"a":0,"k":[100,100],"ix":3},"r":{"a":0,"k":0,"ix":6},"o":{"a":0,"k":100,"ix":7},"sk":{"a":0,"k":0,"ix":4},"sa":{"a":0,"k":0,"ix":5},"nm":"Transform"}],"nm":"Caminho 3187","np":2,"cix":2,"bm":0,"ix":1,"mn":"ADBE Vector Group","hd":false}],"ip":0,"op":3600,"st":0,"bm":0},{"ddd":0,"ind":38,"ty":4,"nm":"Caminho 3186","sr":1,"ks":{"o":{"a":0,"k":100,"ix":11},"r":{"a":0,"k":0,"ix":10},"p":{"a":0,"k":[138.249,189.716,0],"ix":2},"a":{"a":0,"k":[42.711,42.71,0],"ix":1},"s":{"a":0,"k":[100,100,100],"ix":6}},"ao":0,"shapes":[{"ty":"gr","it":[{"ind":0,"ty":"sh","ix":1,"ks":{"a":0,"k":{"i":[[0,0],[23.596,0],[0,23.577],[-23.594,0],[0,0]],"o":[[0,23.577],[-23.594,0],[0,-23.595],[0,0],[0,0]],"v":[[85.422,42.711],[42.711,85.421],[0,42.711],[42.711,0],[42.711,42.711]],"c":true},"ix":2},"nm":"Path 1","mn":"ADBE Vector Shape - Group","hd":false},{"ty":"fl","c":{"a":0,"k":[1,0.882352941176,0.643137254902,1],"ix":4},"o":{"a":0,"k":100,"ix":5},"r":1,"bm":0,"nm":"Fill 1","mn":"ADBE Vector Graphic - Fill","hd":false},{"ty":"tr","p":{"a":0,"k":[0,0],"ix":2},"a":{"a":0,"k":[0,0],"ix":1},"s":{"a":0,"k":[100,100],"ix":3},"r":{"a":0,"k":0,"ix":6},"o":{"a":0,"k":100,"ix":7},"sk":{"a":0,"k":0,"ix":4},"sa":{"a":0,"k":0,"ix":5},"nm":"Transform"}],"nm":"Caminho 3186","np":2,"cix":2,"bm":0,"ix":1,"mn":"ADBE Vector Group","hd":false}],"ip":0,"op":3600,"st":0,"bm":0}]},{"id":"comp_4","layers":[{"ddd":0,"ind":1,"ty":4,"nm":"Caminho 3185","sr":1,"ks":{"o":{"a":0,"k":100,"ix":11},"r":{"a":0,"k":0,"ix":10},"p":{"a":0,"k":[179.399,115.869,0],"ix":2},"a":{"a":0,"k":[16.767,21.869,0],"ix":1},"s":{"a":0,"k":[100,100,100],"ix":6}},"ao":0,"shapes":[{"ty":"gr","it":[{"ind":0,"ty":"sh","ix":1,"ks":{"a":0,"k":{"i":[[0,0],[0,0],[0,0],[-9.245,0],[0,-9.245]],"o":[[0.203,12.886],[-18.693,-16.675],[0,-9.245],[9.244,0],[0,0]],"v":[[33.532,16.742],[16.8,43.738],[0.058,16.742],[16.8,0],[33.532,16.742]],"c":false},"ix":2},"nm":"Path 1","mn":"ADBE Vector Shape - Group","hd":false},{"ind":1,"ty":"sh","ix":2,"ks":{"a":0,"k":{"i":[[0,0],[4.662,0],[0,-4.661],[-4.661,0],[0,4.651]],"o":[[0,-4.661],[-4.661,0],[0,4.651],[4.662,0],[0,0]],"v":[[25.239,16.742],[16.8,8.303],[8.362,16.742],[16.8,25.171],[25.239,16.742]],"c":false},"ix":2},"nm":"Path 2","mn":"ADBE Vector Shape - Group","hd":false},{"ty":"fl","c":{"a":0,"k":[0.9647058823529412,0.4470588235294118,0.5019607843137255,1],"ix":4},"o":{"a":0,"k":100,"ix":5},"r":1,"bm":0,"nm":"Fill 1","mn":"ADBE Vector Graphic - Fill","hd":false},{"ty":"tr","p":{"a":0,"k":[0,0],"ix":2},"a":{"a":0,"k":[0,0],"ix":1},"s":{"a":0,"k":[100,100],"ix":3},"r":{"a":0,"k":0,"ix":6},"o":{"a":0,"k":100,"ix":7},"sk":{"a":0,"k":0,"ix":4},"sa":{"a":0,"k":0,"ix":5},"nm":"Transform"}],"nm":"Caminho 3185","np":3,"cix":2,"bm":0,"ix":1,"mn":"ADBE Vector Group","hd":false}],"ip":0,"op":3600,"st":0,"bm":0}]},{"id":"comp_5","layers":[{"ddd":0,"ind":1,"ty":0,"nm":"quadradoanimado","refId":"comp_6","sr":1,"ks":{"o":{"a":0,"k":100,"ix":11},"r":{"a":0,"k":0,"ix":10},"p":{"a":0,"k":[193,187.25,0],"ix":2},"a":{"a":0,"k":[221.25,207.25,0],"ix":1},"s":{"a":0,"k":[80,80,100],"ix":6}},"ao":0,"w":375,"h":812,"ip":0,"op":3600,"st":0,"bm":0},{"ddd":0,"ind":2,"ty":0,"nm":"quadradoanimado","refId":"comp_6","sr":1,"ks":{"o":{"a":0,"k":100,"ix":11},"r":{"a":0,"k":0,"ix":10},"p":{"a":0,"k":[193,232.75,0],"ix":2},"a":{"a":0,"k":[221.25,207.25,0],"ix":1},"s":{"a":0,"k":[80,80,100],"ix":6}},"ao":0,"w":375,"h":812,"ip":0,"op":3600,"st":0,"bm":0},{"ddd":0,"ind":3,"ty":0,"nm":"quadradoanimado","refId":"comp_6","sr":1,"ks":{"o":{"a":0,"k":100,"ix":11},"r":{"a":0,"k":0,"ix":10},"p":{"a":0,"k":[145.5,187.25,0],"ix":2},"a":{"a":0,"k":[221.25,207.25,0],"ix":1},"s":{"a":0,"k":[80,80,100],"ix":6}},"ao":0,"w":375,"h":812,"ip":0,"op":3600,"st":0,"bm":0},{"ddd":0,"ind":4,"ty":0,"nm":"quadradoanimado","refId":"comp_6","sr":1,"ks":{"o":{"a":0,"k":100,"ix":11},"r":{"a":0,"k":0,"ix":10},"p":{"a":0,"k":[145.5,232.75,0],"ix":2},"a":{"a":0,"k":[221.25,207.25,0],"ix":1},"s":{"a":0,"k":[80,80,100],"ix":6}},"ao":0,"w":375,"h":812,"ip":0,"op":3600,"st":0,"bm":0},{"ddd":0,"ind":5,"ty":0,"nm":"quadradoanimado","refId":"comp_6","sr":1,"ks":{"o":{"a":0,"k":100,"ix":11},"r":{"a":0,"k":0,"ix":10},"p":{"a":0,"k":[145.5,277.75,0],"ix":2},"a":{"a":0,"k":[221.25,207.25,0],"ix":1},"s":{"a":0,"k":[80,80,100],"ix":6}},"ao":0,"w":375,"h":812,"ip":0,"op":3600,"st":0,"bm":0},{"ddd":0,"ind":6,"ty":0,"nm":"quadradocomicone","refId":"comp_9","sr":1,"ks":{"o":{"a":0,"k":100,"ix":11},"r":{"a":0,"k":0,"ix":10},"p":{"a":0,"k":[189.5,279,0],"ix":2},"a":{"a":0,"k":[274.5,269,0],"ix":1},"s":{"a":0,"k":[80,80,100],"ix":6}},"ao":0,"w":375,"h":812,"ip":0,"op":3600,"st":0,"bm":0}]},{"id":"comp_6","layers":[{"ddd":0,"ind":1,"ty":0,"nm":"Grupo 2173","refId":"comp_7","sr":1,"ks":{"o":{"a":0,"k":100,"ix":11},"r":{"a":0,"k":0,"ix":10},"p":{"a":0,"k":[219.649,205.733,0],"ix":2},"a":{"a":0,"k":[25.5,25.5,0],"ix":1},"s":{"a":1,"k":[{"i":{"x":[0.2,0.2,0.2],"y":[1,1,1]},"o":{"x":[0.2,0.2,0.2],"y":[0,0,0]},"t":0,"s":[0,0,100]},{"i":{"x":[0.2,0.2,0.2],"y":[1,1,1]},"o":{"x":[0.2,0.2,0.2],"y":[0,0,0]},"t":25,"s":[110,110,100]},{"i":{"x":[0.2,0.2,0.2],"y":[1,1,1]},"o":{"x":[0.2,0.2,0.2],"y":[0,0,0]},"t":42,"s":[95,95,100]},{"t":59,"s":[100,100,100]}],"ix":6}},"ao":0,"w":51,"h":51,"ip":0,"op":3600,"st":0,"bm":0}]},{"id":"comp_7","layers":[{"ddd":0,"ind":1,"ty":4,"nm":"Grupo 2172","sr":1,"ks":{"o":{"a":0,"k":100,"ix":11},"r":{"a":0,"k":0,"ix":10},"p":{"a":0,"k":[25.152,25.153,0],"ix":2},"a":{"a":0,"k":[0,0,0],"ix":1},"s":{"a":0,"k":[100,100,100],"ix":6}},"ao":0,"shapes":[{"ty":"rc","d":1,"s":{"a":0,"k":[50.305,50.306],"ix":2},"p":{"a":0,"k":[0,0],"ix":3},"r":{"a":0,"k":0,"ix":4},"nm":"Rectangle Path 1","mn":"ADBE Vector Shape - Rect","hd":false}],"ip":0,"op":3600,"st":0,"bm":0},{"ddd":0,"ind":2,"ty":0,"nm":"Grupo 2171","parent":1,"refId":"comp_8","sr":1,"ks":{"o":{"a":0,"k":100,"ix":11},"r":{"a":0,"k":0,"ix":10},"p":{"a":0,"k":[0,0,0],"ix":2},"a":{"a":0,"k":[25.5,25.5,0],"ix":1},"s":{"a":0,"k":[100,100,100],"ix":6}},"ao":0,"hasMask":true,"masksProperties":[{"inv":false,"mode":"f","pt":{"a":0,"k":{"i":[[0,0],[0,0],[0,0],[0,0]],"o":[[0,0],[0,0],[0,0],[0,0]],"v":[[0,0],[50.305,0],[50.305,50.306],[0,50.306]],"c":true},"ix":1},"o":{"a":0,"k":100,"ix":3},"x":{"a":0,"k":0,"ix":4},"nm":"Mask 1"}],"w":51,"h":51,"ip":0,"op":3600,"st":0,"bm":0}]},{"id":"comp_8","layers":[{"ddd":0,"ind":1,"ty":4,"nm":"Caminho 2998","sr":1,"ks":{"o":{"a":0,"k":100,"ix":11},"r":{"a":0,"k":0,"ix":10},"p":{"a":0,"k":[25.152,25.153,0],"ix":2},"a":{"a":0,"k":[25.152,25.152,0],"ix":1},"s":{"a":0,"k":[100,100,100],"ix":6}},"ao":0,"shapes":[{"ty":"gr","it":[{"ind":0,"ty":"sh","ix":1,"ks":{"a":0,"k":{"i":[[0,0],[0,0],[0,4.428],[0,0],[-4.427,0],[0,0],[0,-4.428],[0,0],[4.43,0]],"o":[[0,0],[-4.427,0],[0,0],[0,-4.428],[0,0],[4.43,0],[0,0],[0,4.428],[0,0]],"v":[[42.252,50.305],[8.052,50.305],[0,42.252],[0,8.053],[8.052,0],[42.252,0],[50.303,8.053],[50.303,42.252],[42.252,50.305]],"c":false},"ix":2},"nm":"Path 1","mn":"ADBE Vector Shape - Group","hd":false},{"ty":"fl","c":{"a":0,"k":[0.23921568627450981,0.1450980392156863,0.25882352941176473,1],"ix":4},"o":{"a":0,"k":100,"ix":5},"r":1,"bm":0,"nm":"Fill 1","mn":"ADBE Vector Graphic - Fill","hd":false},{"ty":"tr","p":{"a":0,"k":[0,0],"ix":2},"a":{"a":0,"k":[0,0],"ix":1},"s":{"a":0,"k":[100,100],"ix":3},"r":{"a":0,"k":0,"ix":6},"o":{"a":0,"k":100,"ix":7},"sk":{"a":0,"k":0,"ix":4},"sa":{"a":0,"k":0,"ix":5},"nm":"Transform"}],"nm":"Caminho 2998","np":2,"cix":2,"bm":0,"ix":1,"mn":"ADBE Vector Group","hd":false}],"ip":0,"op":3600,"st":0,"bm":0}]},{"id":"comp_9","layers":[{"ddd":0,"ind":1,"ty":0,"nm":"Caminho 3003 Comp 1","parent":3,"refId":"comp_10","sr":1,"ks":{"o":{"a":0,"k":100,"ix":11},"r":{"a":0,"k":0,"ix":10},"p":{"a":0,"k":[187.5,406,0],"ix":2},"a":{"a":0,"k":[187.5,406,0],"ix":1},"s":{"a":0,"k":[100,100,100],"ix":6}},"ao":0,"hasMask":true,"masksProperties":[{"inv":false,"mode":"a","pt":{"a":0,"k":{"i":[[0,0],[0,0],[0,0],[0,0]],"o":[[0,0],[0,0],[0,0],[0,0]],"v":[[298.982,244.831],[250.232,244.831],[250.232,272.804],[298.982,272.804]],"c":true},"ix":1},"o":{"a":0,"k":100,"ix":3},"x":{"a":0,"k":0,"ix":4},"nm":"Mask 1"}],"w":375,"h":812,"ip":-12,"op":3588,"st":-12,"bm":0},{"ddd":0,"ind":2,"ty":0,"nm":"Caminho 3002 Comp 1","parent":3,"refId":"comp_11","sr":1,"ks":{"o":{"a":0,"k":100,"ix":11},"r":{"a":0,"k":0,"ix":10},"p":{"a":0,"k":[187.5,406,0],"ix":2},"a":{"a":0,"k":[187.5,406,0],"ix":1},"s":{"a":0,"k":[100,100,100],"ix":6}},"ao":0,"hasMask":true,"masksProperties":[{"inv":true,"mode":"a","pt":{"a":0,"k":{"i":[[0,0],[0,0],[0,0],[0,0]],"o":[[0,0],[0,0],[0,0],[0,0]],"v":[[298.982,259.831],[250.232,259.831],[250.232,300.635],[298.982,300.635]],"c":true},"ix":1},"o":{"a":0,"k":100,"ix":3},"x":{"a":0,"k":0,"ix":4},"nm":"Mask 1"}],"w":375,"h":812,"ip":-12,"op":3588,"st":-12,"bm":0},{"ddd":0,"ind":3,"ty":0,"nm":"Retângulo 17283 Comp 1","parent":4,"refId":"comp_12","sr":1,"ks":{"o":{"a":0,"k":100,"ix":11},"r":{"a":0,"k":0,"ix":10},"p":{"a":0,"k":[-62.291,165.659,0],"ix":2},"a":{"a":0,"k":[187.5,406,0],"ix":1},"s":{"a":0,"k":[100,100,100],"ix":6}},"ao":0,"hasMask":true,"masksProperties":[{"inv":false,"mode":"a","pt":{"a":1,"k":[{"i":{"x":0.2,"y":1},"o":{"x":0.2,"y":0},"t":17,"s":[{"i":[[0,0],[0,0],[0,0],[0,0]],"o":[[0,0],[0,0],[0,0],[0,0]],"v":[[252.043,274.25],[210.278,274.25],[210.278,279.779],[252.043,279.779]],"c":true}]},{"t":53,"s":[{"i":[[0,0],[0,0],[0,0],[0,0]],"o":[[0,0],[0,0],[0,0],[0,0]],"v":[[295.016,274.25],[253.25,274.25],[253.25,279.779],[295.016,279.779]],"c":true}]}],"ix":1},"o":{"a":0,"k":100,"ix":3},"x":{"a":0,"k":0,"ix":4},"nm":"Mask 1"}],"w":375,"h":812,"ip":-12,"op":3588,"st":-12,"bm":0},{"ddd":0,"ind":4,"ty":0,"nm":"Grupo 2182","refId":"comp_13","sr":1,"ks":{"o":{"a":0,"k":100,"ix":11},"r":{"a":0,"k":0,"ix":10},"p":{"a":0,"k":[275.291,265.841,0],"ix":2},"a":{"a":0,"k":[25.5,25.5,0],"ix":1},"s":{"a":1,"k":[{"i":{"x":[0.2,0.2,0.2],"y":[1,1,1]},"o":{"x":[0.2,0.2,0.2],"y":[0,0,0]},"t":6,"s":[0,0,100]},{"i":{"x":[0.2,0.2,0.2],"y":[1,1,1]},"o":{"x":[0.2,0.2,0.2],"y":[0,0,0]},"t":31,"s":[110,110,100]},{"i":{"x":[0.2,0.2,0.2],"y":[1,1,1]},"o":{"x":[0.2,0.2,0.2],"y":[0,0,0]},"t":48,"s":[95,95,100]},{"t":65,"s":[100,100,100]}],"ix":6}},"ao":0,"w":51,"h":51,"ip":6,"op":3606,"st":6,"bm":0}]},{"id":"comp_10","layers":[{"ddd":0,"ind":1,"ty":4,"nm":"Caminho 3003","sr":1,"ks":{"o":{"a":0,"k":100,"ix":11},"r":{"a":1,"k":[{"i":{"x":[0.2],"y":[1]},"o":{"x":[0.2],"y":[0]},"t":29,"s":[-274]},{"t":65,"s":[0]}],"ix":10},"p":{"a":0,"k":[255.926,272.935,0],"ix":2},"a":{"a":0,"k":[-0.777,16.81,0],"ix":1},"s":{"a":1,"k":[{"i":{"x":[0.2,0.2,0.2],"y":[1,1,1]},"o":{"x":[0.2,0.2,0.2],"y":[0,0,0]},"t":37,"s":[0,51,100]},{"t":65,"s":[100,100,100]}],"ix":6}},"ao":0,"shapes":[{"ty":"gr","it":[{"ind":0,"ty":"sh","ix":1,"ks":{"a":0,"k":{"i":[[0,0],[0,0],[-19.427,-0.534],[-1.57,-4.823],[0,0]],"o":[[0,0],[0,0],[11.678,0.319],[1.058,3.213],[0,0]],"v":[[36.437,17.12],[0.025,17.12],[17.985,0.012],[35.544,11.249],[36.437,17.12]],"c":false},"ix":2},"nm":"Path 1","mn":"ADBE Vector Shape - Group","hd":false},{"ty":"fl","c":{"a":0,"k":[1,1,1,1],"ix":4},"o":{"a":0,"k":100,"ix":5},"r":1,"bm":0,"nm":"Fill 1","mn":"ADBE Vector Graphic - Fill","hd":false},{"ty":"tr","p":{"a":0,"k":[0,0],"ix":2},"a":{"a":0,"k":[0,0],"ix":1},"s":{"a":0,"k":[100,100],"ix":3},"r":{"a":0,"k":0,"ix":6},"o":{"a":0,"k":100,"ix":7},"sk":{"a":0,"k":0,"ix":4},"sa":{"a":0,"k":0,"ix":5},"nm":"Transform"}],"nm":"Caminho 3003","np":2,"cix":2,"bm":0,"ix":1,"mn":"ADBE Vector Group","hd":false}],"ip":0,"op":3600,"st":0,"bm":0}]},{"id":"comp_11","layers":[{"ddd":0,"ind":1,"ty":4,"nm":"Caminho 3002","sr":1,"ks":{"o":{"a":0,"k":100,"ix":11},"r":{"a":0,"k":0,"ix":10},"p":{"a":1,"k":[{"i":{"x":0.2,"y":1},"o":{"x":0.2,"y":0},"t":54,"s":[274.262,263.115,0],"to":[0,-1.989,0],"ti":[0,1.989,0]},{"t":65,"s":[274.262,251.181,0]}],"ix":2},"a":{"a":0,"k":[3.135,3.13,0],"ix":1},"s":{"a":0,"k":[100,100,100],"ix":6}},"ao":0,"shapes":[{"ty":"gr","it":[{"ind":0,"ty":"sh","ix":1,"ks":{"a":0,"k":{"i":[[0,0],[-1.724,0],[0,-1.725],[1.735,0],[0,1.735]],"o":[[0,-1.725],[1.735,0],[0,1.735],[-1.724,0],[0,0]],"v":[[0,3.13],[3.14,0],[6.27,3.13],[3.14,6.26],[0,3.13]],"c":false},"ix":2},"nm":"Path 1","mn":"ADBE Vector Shape - Group","hd":false},{"ty":"fl","c":{"a":0,"k":[1,1,1,1],"ix":4},"o":{"a":0,"k":100,"ix":5},"r":1,"bm":0,"nm":"Fill 1","mn":"ADBE Vector Graphic - Fill","hd":false},{"ty":"tr","p":{"a":0,"k":[0,0],"ix":2},"a":{"a":0,"k":[0,0],"ix":1},"s":{"a":0,"k":[100,100],"ix":3},"r":{"a":0,"k":0,"ix":6},"o":{"a":0,"k":100,"ix":7},"sk":{"a":0,"k":0,"ix":4},"sa":{"a":0,"k":0,"ix":5},"nm":"Transform"}],"nm":"Caminho 3002","np":2,"cix":2,"bm":0,"ix":1,"mn":"ADBE Vector Group","hd":false}],"ip":0,"op":3600,"st":0,"bm":0}]},{"id":"comp_12","layers":[{"ddd":0,"ind":1,"ty":4,"nm":"Retângulo 17283","sr":1,"ks":{"o":{"a":0,"k":100,"ix":11},"r":{"a":0,"k":0,"ix":10},"p":{"a":0,"k":[274.683,276.71,0],"ix":2},"a":{"a":0,"k":[0,0,0],"ix":1},"s":{"a":0,"k":[100,100,100],"ix":6}},"ao":0,"shapes":[{"ty":"gr","it":[{"ind":0,"ty":"sh","ix":1,"ks":{"a":0,"k":{"i":[[0,0]],"o":[[0,0]],"v":[[-22.997,0.195]],"c":false},"ix":2},"nm":"Path 1","mn":"ADBE Vector Shape - Group","hd":false},{"ty":"fl","c":{"a":0,"k":[1,1,1,1],"ix":4},"o":{"a":0,"k":100,"ix":5},"r":1,"bm":0,"nm":"Fill 1","mn":"ADBE Vector Graphic - Fill","hd":false},{"ty":"tr","p":{"a":0,"k":[0,0],"ix":2},"a":{"a":0,"k":[0,0],"ix":1},"s":{"a":0,"k":[100,100],"ix":3},"r":{"a":0,"k":0,"ix":6},"o":{"a":0,"k":100,"ix":7},"sk":{"a":0,"k":0,"ix":4},"sa":{"a":0,"k":0,"ix":5},"nm":"Transform"}],"nm":"Shape 1","np":3,"cix":2,"bm":0,"ix":1,"mn":"ADBE Vector Group","hd":false},{"ty":"gr","it":[{"ty":"rc","d":1,"s":{"a":0,"k":[38.412,2.822],"ix":2},"p":{"a":0,"k":[0,0],"ix":3},"r":{"a":0,"k":0,"ix":4},"nm":"Rectangle Path 1","mn":"ADBE Vector Shape - Rect","hd":false},{"ty":"fl","c":{"a":0,"k":[1,1,1,1],"ix":4},"o":{"a":0,"k":100,"ix":5},"r":1,"bm":0,"nm":"Fill 1","mn":"ADBE Vector Graphic - Fill","hd":false},{"ty":"tr","p":{"a":0,"k":[-19.12,-0.331],"ix":2},"a":{"a":0,"k":[-19.12,-0.331],"ix":1},"s":{"a":0,"k":[100,100],"ix":3},"r":{"a":0,"k":0,"ix":6},"o":{"a":0,"k":100,"ix":7},"sk":{"a":0,"k":0,"ix":4},"sa":{"a":0,"k":0,"ix":5},"nm":"Transform"}],"nm":"Retângulo 17283","np":2,"cix":2,"bm":0,"ix":2,"mn":"ADBE Vector Group","hd":false}],"ip":0,"op":3600,"st":0,"bm":0}]},{"id":"comp_13","layers":[{"ddd":0,"ind":1,"ty":4,"nm":"Grupo 2181","sr":1,"ks":{"o":{"a":0,"k":100,"ix":11},"r":{"a":0,"k":0,"ix":10},"p":{"a":0,"k":[25.152,25.152,0],"ix":2},"a":{"a":0,"k":[0,0,0],"ix":1},"s":{"a":0,"k":[100,100,100],"ix":6}},"ao":0,"shapes":[{"ty":"rc","d":1,"s":{"a":0,"k":[50.305,50.305],"ix":2},"p":{"a":0,"k":[0,0],"ix":3},"r":{"a":0,"k":0,"ix":4},"nm":"Rectangle Path 1","mn":"ADBE Vector Shape - Rect","hd":false}],"ip":0,"op":3600,"st":0,"bm":0},{"ddd":0,"ind":2,"ty":0,"nm":"Grupo 2180","parent":1,"refId":"comp_14","sr":1,"ks":{"o":{"a":0,"k":100,"ix":11},"r":{"a":0,"k":0,"ix":10},"p":{"a":0,"k":[0,0,0],"ix":2},"a":{"a":0,"k":[25.5,25.5,0],"ix":1},"s":{"a":0,"k":[100,100,100],"ix":6}},"ao":0,"hasMask":true,"masksProperties":[{"inv":false,"mode":"f","pt":{"a":0,"k":{"i":[[0,0],[0,0],[0,0],[0,0]],"o":[[0,0],[0,0],[0,0],[0,0]],"v":[[0,0],[50.305,0],[50.305,50.305],[0,50.305]],"c":true},"ix":1},"o":{"a":0,"k":100,"ix":3},"x":{"a":0,"k":0,"ix":4},"nm":"Mask 1"}],"w":51,"h":51,"ip":0,"op":3600,"st":0,"bm":0}]},{"id":"comp_14","layers":[{"ddd":0,"ind":1,"ty":4,"nm":"Caminho 3001","sr":1,"ks":{"o":{"a":0,"k":100,"ix":11},"r":{"a":0,"k":0,"ix":10},"p":{"a":0,"k":[25.152,25.152,0],"ix":2},"a":{"a":0,"k":[25.152,25.152,0],"ix":1},"s":{"a":0,"k":[100,100,100],"ix":6}},"ao":0,"shapes":[{"ty":"gr","it":[{"ind":0,"ty":"sh","ix":1,"ks":{"a":0,"k":{"i":[[0,0],[0,0],[0,4.428],[0,0],[-4.428,0],[0,0],[0,-4.428],[0,0],[4.43,0]],"o":[[0,0],[-4.428,0],[0,0],[0,-4.428],[0,0],[4.43,0],[0,0],[0,4.428],[0,0]],"v":[[42.252,50.305],[8.053,50.305],[0,42.252],[0,8.053],[8.053,0],[42.252,0],[50.305,8.053],[50.305,42.252],[42.252,50.305]],"c":false},"ix":2},"nm":"Path 1","mn":"ADBE Vector Shape - Group","hd":false},{"ty":"fl","c":{"a":0,"k":[0.23921568627450981,0.1450980392156863,0.25882352941176473,1],"ix":4},"o":{"a":0,"k":100,"ix":5},"r":1,"bm":0,"nm":"Fill 1","mn":"ADBE Vector Graphic - Fill","hd":false},{"ty":"tr","p":{"a":0,"k":[0,0],"ix":2},"a":{"a":0,"k":[0,0],"ix":1},"s":{"a":0,"k":[100,100],"ix":3},"r":{"a":0,"k":0,"ix":6},"o":{"a":0,"k":100,"ix":7},"sk":{"a":0,"k":0,"ix":4},"sa":{"a":0,"k":0,"ix":5},"nm":"Transform"}],"nm":"Caminho 3001","np":2,"cix":2,"bm":0,"ix":1,"mn":"ADBE Vector Group","hd":false}],"ip":0,"op":3600,"st":0,"bm":0}]},{"id":"comp_15","layers":[{"ddd":0,"ind":1,"ty":4,"nm":"Caminho 3156","sr":1,"ks":{"o":{"a":0,"k":100,"ix":11},"r":{"a":0,"k":0,"ix":10},"p":{"a":0,"k":[128.233,305.685,0],"ix":2},"a":{"a":0,"k":[12.871,8.249,0],"ix":1},"s":{"a":0,"k":[100,100,100],"ix":6}},"ao":0,"shapes":[{"ty":"gr","it":[{"ind":0,"ty":"sh","ix":1,"ks":{"a":0,"k":{"i":[[0,0],[0,0],[0,4.537],[-4.537,0],[0,0],[0,-4.537],[4.537,0]],"o":[[0,0],[-4.537,0],[0,-4.537],[0,0],[4.537,0],[0,4.537],[0,0]],"v":[[17.494,16.498],[8.249,16.498],[0,8.249],[8.249,0],[17.494,0],[25.743,8.249],[17.494,16.498]],"c":false},"ix":2},"nm":"Path 1","mn":"ADBE Vector Shape - Group","hd":false},{"ty":"fl","c":{"a":0,"k":[1,0.662745098039,0.662745098039,1],"ix":4},"o":{"a":0,"k":100,"ix":5},"r":1,"bm":0,"nm":"Fill 1","mn":"ADBE Vector Graphic - Fill","hd":false},{"ty":"tr","p":{"a":0,"k":[0,0],"ix":2},"a":{"a":0,"k":[0,0],"ix":1},"s":{"a":0,"k":[100,100],"ix":3},"r":{"a":0,"k":0,"ix":6},"o":{"a":0,"k":100,"ix":7},"sk":{"a":0,"k":0,"ix":4},"sa":{"a":0,"k":0,"ix":5},"nm":"Transform"}],"nm":"Caminho 3156","np":2,"cix":2,"bm":0,"ix":1,"mn":"ADBE Vector Group","hd":false}],"ip":0,"op":3600,"st":0,"bm":0},{"ddd":0,"ind":2,"ty":4,"nm":"Caminho 3155","sr":1,"ks":{"o":{"a":0,"k":100,"ix":11},"r":{"a":0,"k":0,"ix":10},"p":{"a":0,"k":[126.646,287.784,0],"ix":2},"a":{"a":0,"k":[14.05,9.654,0],"ix":1},"s":{"a":0,"k":[100,100,100],"ix":6}},"ao":0,"shapes":[{"ty":"gr","it":[{"ind":0,"ty":"sh","ix":1,"ks":{"a":0,"k":{"i":[[0,0],[0,0],[0,5.309],[-5.309,0],[0,0],[0,-5.309],[5.309,0]],"o":[[0,0],[-5.309,0],[0,-5.309],[0,0],[5.309,0],[0,5.309],[0,0]],"v":[[18.447,19.308],[9.654,19.308],[0,9.654],[9.654,0],[18.447,0],[28.1,9.654],[18.447,19.308]],"c":false},"ix":2},"nm":"Path 1","mn":"ADBE Vector Shape - Group","hd":false},{"ty":"fl","c":{"a":0,"k":[1,0.662745098039,0.662745098039,1],"ix":4},"o":{"a":0,"k":100,"ix":5},"r":1,"bm":0,"nm":"Fill 1","mn":"ADBE Vector Graphic - Fill","hd":false},{"ty":"tr","p":{"a":0,"k":[0,0],"ix":2},"a":{"a":0,"k":[0,0],"ix":1},"s":{"a":0,"k":[100,100],"ix":3},"r":{"a":0,"k":0,"ix":6},"o":{"a":0,"k":100,"ix":7},"sk":{"a":0,"k":0,"ix":4},"sa":{"a":0,"k":0,"ix":5},"nm":"Transform"}],"nm":"Caminho 3155","np":2,"cix":2,"bm":0,"ix":1,"mn":"ADBE Vector Group","hd":false}],"ip":0,"op":3600,"st":0,"bm":0},{"ddd":0,"ind":3,"ty":4,"nm":"Caminho 3154","sr":1,"ks":{"o":{"a":0,"k":100,"ix":11},"r":{"a":0,"k":0,"ix":10},"p":{"a":0,"k":[126.283,268.476,0],"ix":2},"a":{"a":0,"k":[14.05,9.653,0],"ix":1},"s":{"a":0,"k":[100,100,100],"ix":6}},"ao":0,"shapes":[{"ty":"gr","it":[{"ind":0,"ty":"sh","ix":1,"ks":{"a":0,"k":{"i":[[0,0],[0,0],[0,5.31],[-5.309,0],[0,0],[0,-5.309],[5.309,0]],"o":[[0,0],[-5.309,0],[0,-5.309],[0,0],[5.309,0],[0,5.31],[0,0]],"v":[[18.445,19.307],[9.653,19.307],[0,9.653],[9.653,0],[18.445,0],[28.099,9.653],[18.445,19.307]],"c":false},"ix":2},"nm":"Path 1","mn":"ADBE Vector Shape - Group","hd":false},{"ty":"fl","c":{"a":0,"k":[1,0.662745098039,0.662745098039,1],"ix":4},"o":{"a":0,"k":100,"ix":5},"r":1,"bm":0,"nm":"Fill 1","mn":"ADBE Vector Graphic - Fill","hd":false},{"ty":"tr","p":{"a":0,"k":[0,0],"ix":2},"a":{"a":0,"k":[0,0],"ix":1},"s":{"a":0,"k":[100,100],"ix":3},"r":{"a":0,"k":0,"ix":6},"o":{"a":0,"k":100,"ix":7},"sk":{"a":0,"k":0,"ix":4},"sa":{"a":0,"k":0,"ix":5},"nm":"Transform"}],"nm":"Caminho 3154","np":2,"cix":2,"bm":0,"ix":1,"mn":"ADBE Vector Group","hd":false}],"ip":0,"op":3600,"st":0,"bm":0},{"ddd":0,"ind":4,"ty":4,"nm":"Caminho 3153","sr":1,"ks":{"o":{"a":0,"k":100,"ix":11},"r":{"a":0,"k":0,"ix":10},"p":{"a":0,"k":[127.825,250.574,0],"ix":2},"a":{"a":0,"k":[12.872,8.249,0],"ix":1},"s":{"a":0,"k":[100,100,100],"ix":6}},"ao":0,"shapes":[{"ty":"gr","it":[{"ind":0,"ty":"sh","ix":1,"ks":{"a":0,"k":{"i":[[0,0],[0,0],[0,4.537],[-4.537,0],[0,0],[0,-4.537],[4.537,0]],"o":[[0,0],[-4.537,0],[0,-4.537],[0,0],[4.537,0],[0,4.537],[0,0]],"v":[[17.495,16.498],[8.249,16.498],[0,8.249],[8.249,0],[17.495,0],[25.744,8.249],[17.495,16.498]],"c":false},"ix":2},"nm":"Path 1","mn":"ADBE Vector Shape - Group","hd":false},{"ty":"fl","c":{"a":0,"k":[1,0.662745098039,0.662745098039,1],"ix":4},"o":{"a":0,"k":100,"ix":5},"r":1,"bm":0,"nm":"Fill 1","mn":"ADBE Vector Graphic - Fill","hd":false},{"ty":"tr","p":{"a":0,"k":[0,0],"ix":2},"a":{"a":0,"k":[0,0],"ix":1},"s":{"a":0,"k":[100,100],"ix":3},"r":{"a":0,"k":0,"ix":6},"o":{"a":0,"k":100,"ix":7},"sk":{"a":0,"k":0,"ix":4},"sa":{"a":0,"k":0,"ix":5},"nm":"Transform"}],"nm":"Caminho 3153","np":2,"cix":2,"bm":0,"ix":1,"mn":"ADBE Vector Group","hd":false}],"ip":0,"op":3600,"st":0,"bm":0}]},{"id":"comp_16","layers":[{"ddd":0,"ind":1,"ty":4,"nm":"Caminho 3151","sr":1,"ks":{"o":{"a":0,"k":100,"ix":11},"r":{"a":0,"k":0,"ix":10},"p":{"a":0,"k":[179.395,323.747,0],"ix":2},"a":{"a":0,"k":[43.069,8.587,0],"ix":1},"s":{"a":0,"k":[100,100,100],"ix":6}},"ao":0,"shapes":[{"ty":"gr","it":[{"ind":0,"ty":"sh","ix":1,"ks":{"a":0,"k":{"i":[[0,0],[0,0],[5.583,0],[0,0],[0,5.576],[0,0],[0,0],[-4.173,0],[0,0],[0,4.172]],"o":[[0,0],[0,5.576],[0,0],[-5.568,0],[0,0],[0,0],[0,4.172],[0,0],[4.172,0],[0,0]],"v":[[86.138,0],[86.138,7.032],[75.995,17.174],[10.143,17.174],[0,7.032],[0,0],[1.766,0],[9.355,7.581],[76.674,7.581],[84.255,0]],"c":true},"ix":2},"nm":"Path 1","mn":"ADBE Vector Shape - Group","hd":false},{"ty":"fl","c":{"a":0,"k":[0.243137254902,0.223529411765,0.309803921569,1],"ix":4},"o":{"a":0,"k":100,"ix":5},"r":1,"bm":0,"nm":"Fill 1","mn":"ADBE Vector Graphic - Fill","hd":false},{"ty":"tr","p":{"a":0,"k":[0,0],"ix":2},"a":{"a":0,"k":[0,0],"ix":1},"s":{"a":0,"k":[100,100],"ix":3},"r":{"a":0,"k":0,"ix":6},"o":{"a":0,"k":100,"ix":7},"sk":{"a":0,"k":0,"ix":4},"sa":{"a":0,"k":0,"ix":5},"nm":"Transform"}],"nm":"Caminho 3151","np":2,"cix":2,"bm":0,"ix":1,"mn":"ADBE Vector Group","hd":false}],"ip":0,"op":3600,"st":0,"bm":0},{"ddd":0,"ind":2,"ty":4,"nm":"Caminho 3150","sr":1,"ks":{"o":{"a":0,"k":100,"ix":11},"r":{"a":0,"k":0,"ix":10},"p":{"a":0,"k":[179.395,229.508,0],"ix":2},"a":{"a":0,"k":[43.069,85.652,0],"ix":1},"s":{"a":0,"k":[100,100,100],"ix":6}},"ao":0,"shapes":[{"ty":"gr","it":[{"ind":0,"ty":"sh","ix":1,"ks":{"a":0,"k":{"i":[[0,0],[0,0],[0,0],[0,0],[4.172,0],[0,0],[0,-4.172],[0,0],[0,0],[0,0],[-5.568,0],[0,0],[0,-5.583]],"o":[[0,0],[0,0],[0,0],[0,-4.172],[0,0],[-4.173,0],[0,0],[0,0],[0,0],[0,-5.583],[0,0],[5.583,0],[0,0]],"v":[[86.138,10.143],[86.138,171.304],[84.255,171.304],[84.255,10.828],[76.674,3.241],[9.355,3.241],[1.766,10.828],[1.766,171.304],[0,171.304],[0,10.143],[10.143,0],[75.995,0],[86.138,10.143]],"c":false},"ix":2},"nm":"Path 1","mn":"ADBE Vector Shape - Group","hd":false},{"ty":"fl","c":{"a":0,"k":[0.243137254902,0.223529411765,0.309803921569,1],"ix":4},"o":{"a":0,"k":100,"ix":5},"r":1,"bm":0,"nm":"Fill 1","mn":"ADBE Vector Graphic - Fill","hd":false},{"ty":"tr","p":{"a":0,"k":[0,0],"ix":2},"a":{"a":0,"k":[0,0],"ix":1},"s":{"a":0,"k":[100,100],"ix":3},"r":{"a":0,"k":0,"ix":6},"o":{"a":0,"k":100,"ix":7},"sk":{"a":0,"k":0,"ix":4},"sa":{"a":0,"k":0,"ix":5},"nm":"Transform"}],"nm":"Caminho 3150","np":2,"cix":2,"bm":0,"ix":1,"mn":"ADBE Vector Group","hd":false}],"ip":0,"op":3600,"st":0,"bm":0},{"ddd":0,"ind":3,"ty":4,"nm":"Caminho 3149","sr":1,"ks":{"o":{"a":0,"k":100,"ix":11},"r":{"a":0,"k":0,"ix":10},"p":{"a":0,"k":[179.4,150.64,0],"ix":2},"a":{"a":0,"k":[14.896,3.541,0],"ix":1},"s":{"a":0,"k":[100,100,100],"ix":6}},"ao":0,"shapes":[{"ty":"gr","it":[{"ind":0,"ty":"sh","ix":1,"ks":{"a":0,"k":{"i":[[0,0],[1.092,0],[0,-1.092],[-1.086,0],[0,1.085]],"o":[[0,-1.092],[-1.086,0],[0,1.085],[1.092,0],[0,0]],"v":[[9.664,3.137],[7.688,1.161],[5.718,3.137],[7.688,5.107],[9.664,3.137]],"c":false},"ix":2},"nm":"Path 1","mn":"ADBE Vector Shape - Group","hd":false},{"ind":1,"ty":"sh","ix":2,"ks":{"a":0,"k":{"i":[[0,0],[0,0],[0,-0.536],[0,0],[-0.537,0],[0,0],[0,0.543],[0,0],[0.543,0]],"o":[[0,0],[-0.537,0],[0,0],[0,0.543],[0,0],[0.543,0],[0,0],[0,-0.536],[0,0]],"v":[[16.776,1.161],[12.908,1.161],[11.929,2.14],[11.929,3.137],[12.908,4.115],[16.776,4.115],[17.755,3.137],[17.755,2.14],[16.776,1.161]],"c":false},"ix":2},"nm":"Path 2","mn":"ADBE Vector Shape - Group","hd":false},{"ind":2,"ty":"sh","ix":3,"ks":{"a":0,"k":{"i":[[0,0],[0,0],[0.025,-3.01],[2.265,0],[0,0],[0,0],[0.032,3.006],[0,0]],"o":[[0,0],[0,0],[-0.032,3.006],[0,0],[0,0],[-2.266,0],[-0.024,-3.01],[0,0]],"v":[[0,0],[29.791,0],[26.559,3.566],[21.738,7.082],[14.895,7.082],[8.053,7.082],[3.231,3.566],[0,0]],"c":false},"ix":2},"nm":"Path 3","mn":"ADBE Vector Shape - Group","hd":false},{"ind":3,"ty":"sh","ix":4,"ks":{"a":0,"k":{"i":[[0,0],[0,-0.927],[-0.972,0],[0,0.928],[0.979,0]],"o":[[-0.972,0],[0,0.928],[0.979,0],[0,-0.927],[0,0]],"v":[[21.819,1.269],[20.053,2.947],[21.819,4.627],[23.587,2.947],[21.819,1.269]],"c":false},"ix":2},"nm":"Path 4","mn":"ADBE Vector Shape - Group","hd":false},{"ty":"fl","c":{"a":0,"k":[0.243137254902,0.223529411765,0.309803921569,1],"ix":4},"o":{"a":0,"k":100,"ix":5},"r":1,"bm":0,"nm":"Fill 1","mn":"ADBE Vector Graphic - Fill","hd":false},{"ty":"tr","p":{"a":0,"k":[0,0],"ix":2},"a":{"a":0,"k":[0,0],"ix":1},"s":{"a":0,"k":[100,100],"ix":3},"r":{"a":0,"k":0,"ix":6},"o":{"a":0,"k":100,"ix":7},"sk":{"a":0,"k":0,"ix":4},"sa":{"a":0,"k":0,"ix":5},"nm":"Transform"}],"nm":"Caminho 3149","np":5,"cix":2,"bm":0,"ix":1,"mn":"ADBE Vector Group","hd":false}],"ip":0,"op":3600,"st":0,"bm":0},{"ddd":0,"ind":4,"ty":4,"nm":"Caminho 3148","sr":1,"ks":{"o":{"a":0,"k":100,"ix":11},"r":{"a":0,"k":0,"ix":10},"p":{"a":0,"k":[179.346,149.737,0],"ix":2},"a":{"a":0,"k":[2.913,1.477,0],"ix":1},"s":{"a":0,"k":[100,100,100],"ix":6}},"ao":0,"shapes":[{"ty":"gr","it":[{"ind":0,"ty":"sh","ix":1,"ks":{"a":0,"k":{"i":[[0,0],[0,0],[0.544,0],[0,0],[0,0.543],[0,0],[-0.536,0],[0,0],[0,-0.536]],"o":[[0,0],[0,0.543],[0,0],[-0.536,0],[0,0],[0,-0.536],[0,0],[0.544,0],[0,0]],"v":[[5.826,0.979],[5.826,1.976],[4.847,2.954],[0.979,2.954],[0,1.976],[0,0.979],[0.979,0],[4.847,0],[5.826,0.979]],"c":false},"ix":2},"nm":"Path 1","mn":"ADBE Vector Shape - Group","hd":false},{"ty":"fl","c":{"a":0,"k":[0.101960784314,0.121568627451,0.160784313725,1],"ix":4},"o":{"a":0,"k":100,"ix":5},"r":1,"bm":0,"nm":"Fill 1","mn":"ADBE Vector Graphic - Fill","hd":false},{"ty":"tr","p":{"a":0,"k":[0,0],"ix":2},"a":{"a":0,"k":[0,0],"ix":1},"s":{"a":0,"k":[100,100],"ix":3},"r":{"a":0,"k":0,"ix":6},"o":{"a":0,"k":100,"ix":7},"sk":{"a":0,"k":0,"ix":4},"sa":{"a":0,"k":0,"ix":5},"nm":"Transform"}],"nm":"Caminho 3148","np":2,"cix":2,"bm":0,"ix":1,"mn":"ADBE Vector Group","hd":false}],"ip":0,"op":3600,"st":0,"bm":0},{"ddd":0,"ind":5,"ty":4,"nm":"Caminho 3147","sr":1,"ks":{"o":{"a":0,"k":100,"ix":11},"r":{"a":0,"k":0,"ix":10},"p":{"a":0,"k":[186.323,150.046,0],"ix":2},"a":{"a":0,"k":[1.766,1.682,0],"ix":1},"s":{"a":0,"k":[100,100,100],"ix":6}},"ao":0,"shapes":[{"ty":"gr","it":[{"ind":0,"ty":"sh","ix":1,"ks":{"a":0,"k":{"i":[[0,0],[0.977,0],[0,0.925],[-0.97,0],[0,-0.925]],"o":[[0,0.925],[-0.97,0],[0,-0.925],[0.977,0],[0,0]],"v":[[3.532,1.682],[1.766,3.364],[0,1.682],[1.766,0],[3.532,1.682]],"c":false},"ix":2},"nm":"Path 1","mn":"ADBE Vector Shape - Group","hd":false},{"ty":"fl","c":{"a":0,"k":[0.317647058824,0.341176470588,0.376470588235,1],"ix":4},"o":{"a":0,"k":100,"ix":5},"r":1,"bm":0,"nm":"Fill 1","mn":"ADBE Vector Graphic - Fill","hd":false},{"ty":"tr","p":{"a":0,"k":[0,0],"ix":2},"a":{"a":0,"k":[0,0],"ix":1},"s":{"a":0,"k":[100,100],"ix":3},"r":{"a":0,"k":0,"ix":6},"o":{"a":0,"k":100,"ix":7},"sk":{"a":0,"k":0,"ix":4},"sa":{"a":0,"k":0,"ix":5},"nm":"Transform"}],"nm":"Caminho 3147","np":2,"cix":2,"bm":0,"ix":1,"mn":"ADBE Vector Group","hd":false}],"ip":0,"op":3600,"st":0,"bm":0},{"ddd":0,"ind":6,"ty":4,"nm":"Caminho 3146","sr":1,"ks":{"o":{"a":0,"k":100,"ix":11},"r":{"a":0,"k":0,"ix":10},"p":{"a":0,"k":[172.195,150.232,0],"ix":2},"a":{"a":0,"k":[1.973,1.972,0],"ix":1},"s":{"a":0,"k":[100,100,100],"ix":6}},"ao":0,"shapes":[{"ty":"gr","it":[{"ind":0,"ty":"sh","ix":1,"ks":{"a":0,"k":{"i":[[0,0],[0,-1.091],[1.092,0],[0,1.086],[-1.085,0]],"o":[[1.092,0],[0,1.086],[-1.085,0],[0,-1.091],[0,0]],"v":[[1.97,0],[3.946,1.975],[1.97,3.945],[0,1.975],[1.97,0]],"c":false},"ix":2},"nm":"Path 1","mn":"ADBE Vector Shape - Group","hd":false},{"ty":"fl","c":{"a":0,"k":[0.23137254902,0.254901960784,0.294117647059,1],"ix":4},"o":{"a":0,"k":100,"ix":5},"r":1,"bm":0,"nm":"Fill 1","mn":"ADBE Vector Graphic - Fill","hd":false},{"ty":"tr","p":{"a":0,"k":[0,0],"ix":2},"a":{"a":0,"k":[0,0],"ix":1},"s":{"a":0,"k":[100,100],"ix":3},"r":{"a":0,"k":0,"ix":6},"o":{"a":0,"k":100,"ix":7},"sk":{"a":0,"k":0,"ix":4},"sa":{"a":0,"k":0,"ix":5},"nm":"Transform"}],"nm":"Caminho 3146","np":2,"cix":2,"bm":0,"ix":1,"mn":"ADBE Vector Group","hd":false}],"ip":0,"op":3600,"st":0,"bm":0},{"ddd":0,"ind":7,"ty":4,"nm":"Caminho 3145","sr":1,"ks":{"o":{"a":0,"k":100,"ix":11},"r":{"a":0,"k":0,"ix":10},"p":{"a":0,"k":[179.336,234.919,0],"ix":2},"a":{"a":0,"k":[41.244,87.822,0],"ix":1},"s":{"a":0,"k":[100,100,100],"ix":6}},"ao":0,"shapes":[{"ty":"gr","it":[{"ind":0,"ty":"sh","ix":1,"ks":{"a":0,"k":{"i":[[0,0],[0,0],[4.171,0],[0,0],[0,4.172],[0,0],[-4.172,0],[0,0],[0,-4.172]],"o":[[0,0],[0,4.172],[0,0],[-4.172,0],[0,0],[0,-4.172],[0,0],[4.171,0],[0,0]],"v":[[82.489,7.588],[82.489,168.064],[74.908,175.645],[7.588,175.645],[0,168.064],[0,7.588],[7.588,0],[74.908,0],[82.489,7.588]],"c":false},"ix":2},"nm":"Path 1","mn":"ADBE Vector Shape - Group","hd":false},{"ty":"fl","c":{"a":0,"k":[0.9647058823529412,0.4470588235294118,0.5019607843137255,1],"ix":4},"o":{"a":0,"k":100,"ix":5},"r":1,"bm":0,"nm":"Fill 1","mn":"ADBE Vector Graphic - Fill","hd":false},{"ty":"tr","p":{"a":0,"k":[0,0],"ix":2},"a":{"a":0,"k":[0,0],"ix":1},"s":{"a":0,"k":[100,100],"ix":3},"r":{"a":0,"k":0,"ix":6},"o":{"a":0,"k":100,"ix":7},"sk":{"a":0,"k":0,"ix":4},"sa":{"a":0,"k":0,"ix":5},"nm":"Transform"}],"nm":"Caminho 3145","np":2,"cix":2,"bm":0,"ix":1,"mn":"ADBE Vector Group","hd":false}],"ip":0,"op":3600,"st":0,"bm":0},{"ddd":0,"ind":8,"ty":4,"nm":"Caminho 3144","sr":1,"ks":{"o":{"a":0,"k":100,"ix":11},"r":{"a":0,"k":0,"ix":10},"p":{"a":0,"k":[179.188,238.101,0],"ix":2},"a":{"a":0,"k":[46.833,96.995,0],"ix":1},"s":{"a":0,"k":[100,100,100],"ix":6}},"ao":0,"shapes":[{"ty":"gr","it":[{"ind":0,"ty":"sh","ix":1,"ks":{"a":0,"k":{"i":[[0,0],[0,0],[0,-7.323],[0,0],[-7.323,0],[0,0],[0,7.323],[0,0],[7.323,0]],"o":[[0,0],[-7.323,0],[0,0],[0,7.323],[0,0],[7.323,0],[0,0],[0,-7.323],[0,0]],"v":[[80.386,0],[13.28,0],[0,13.287],[0,180.71],[13.28,193.99],[80.386,193.99],[93.667,180.71],[93.667,13.287],[80.386,0]],"c":false},"ix":2},"nm":"Path 1","mn":"ADBE Vector Shape - Group","hd":false},{"ind":1,"ty":"sh","ix":2,"ks":{"a":0,"k":{"i":[[0,0],[6.974,0],[0,0],[0,6.973],[0,0],[-6.974,0],[0,0],[0,-6.973]],"o":[[0,6.973],[0,0],[-6.974,0],[0,0],[0,-6.973],[0,0],[6.974,0],[0,0]],"v":[[93.039,180.71],[80.386,193.356],[13.28,193.356],[0.634,180.71],[0.634,13.287],[13.28,0.634],[80.386,0.634],[93.039,13.287]],"c":true},"ix":2},"nm":"Path 2","mn":"ADBE Vector Shape - Group","hd":false},{"ty":"fl","c":{"a":0,"k":[0.9686274509803922,0.7058823529411765,0.7058823529411765,1],"ix":4},"o":{"a":0,"k":100,"ix":5},"r":1,"bm":0,"nm":"Fill 1","mn":"ADBE Vector Graphic - Fill","hd":false},{"ty":"tr","p":{"a":0,"k":[0,0],"ix":2},"a":{"a":0,"k":[0,0],"ix":1},"s":{"a":0,"k":[100,100],"ix":3},"r":{"a":0,"k":0,"ix":6},"o":{"a":0,"k":100,"ix":7},"sk":{"a":0,"k":0,"ix":4},"sa":{"a":0,"k":0,"ix":5},"nm":"Transform"}],"nm":"Caminho 3144","np":3,"cix":2,"bm":0,"ix":1,"mn":"ADBE Vector Group","hd":false}],"ip":0,"op":3600,"st":0,"bm":0},{"ddd":0,"ind":9,"ty":4,"nm":"Caminho 3143","sr":1,"ks":{"o":{"a":0,"k":100,"ix":11},"r":{"a":0,"k":0,"ix":10},"p":{"a":0,"k":[179.191,238.102,0],"ix":2},"a":{"a":0,"k":[46.52,96.678,0],"ix":1},"s":{"a":0,"k":[100,100,100],"ix":6}},"ao":0,"shapes":[{"ty":"gr","it":[{"ind":0,"ty":"sh","ix":1,"ks":{"a":0,"k":{"i":[[0,0],[0,0],[0,-7.128],[0,0],[-7.122,0],[0,0],[0,7.135],[0,0],[7.128,0]],"o":[[0,0],[-7.122,0],[0,0],[0,7.135],[0,0],[7.128,0],[0,0],[0,-7.128],[0,0]],"v":[[80.07,0],[12.963,0],[0,12.969],[0,180.392],[12.963,193.356],[80.07,193.356],[93.039,180.392],[93.039,12.969],[80.07,0]],"c":false},"ix":2},"nm":"Path 1","mn":"ADBE Vector Shape - Group","hd":false},{"ind":1,"ty":"sh","ix":2,"ks":{"a":0,"k":{"i":[[0,0],[0,-4.172],[0,0],[4.172,0],[0,0],[0,4.173],[0,0],[-4.173,0]],"o":[[4.172,0],[0,0],[0,4.173],[0,0],[-4.173,0],[0,0],[0,-4.172],[0,0]],"v":[[80.328,5.673],[87.909,13.26],[87.909,173.736],[80.328,181.317],[13.009,181.317],[5.421,173.736],[5.421,13.26],[13.009,5.673]],"c":true},"ix":2},"nm":"Path 2","mn":"ADBE Vector Shape - Group","hd":false},{"ty":"fl","c":{"a":0,"k":[0.11372549019607843,0.10980392156862745,0.30980392156862746,1],"ix":4},"o":{"a":0,"k":100,"ix":5},"r":1,"bm":0,"nm":"Fill 1","mn":"ADBE Vector Graphic - Fill","hd":false},{"ty":"tr","p":{"a":0,"k":[0,0],"ix":2},"a":{"a":0,"k":[0,0],"ix":1},"s":{"a":0,"k":[100,100],"ix":3},"r":{"a":0,"k":0,"ix":6},"o":{"a":0,"k":100,"ix":7},"sk":{"a":0,"k":0,"ix":4},"sa":{"a":0,"k":0,"ix":5},"nm":"Transform"}],"nm":"Caminho 3143","np":3,"cix":2,"bm":0,"ix":1,"mn":"ADBE Vector Group","hd":false}],"ip":0,"op":3600,"st":0,"bm":0}]}],"layers":[{"ddd":0,"ind":1,"ty":0,"nm":"mao","refId":"comp_0","sr":1,"ks":{"o":{"a":0,"k":100,"ix":11},"r":{"a":0,"k":0,"ix":10},"p":{"a":0,"k":[250,519.3333333333333,0],"ix":2},"a":{"a":0,"k":[187.5,406,0],"ix":1},"s":{"a":0,"k":[133.33333333333331,133.33333333333331,100],"ix":6}},"ao":0,"w":375,"h":812,"ip":0,"op":240,"st":0,"bm":0}],"markers":[]}