기준일ID,시군구코드,시군구명,총생활인구수,내국인생활인구수,장기체류외국인인구수,단기체류외국인인구수,일최대인구수,일최소인구수,주간인구수(09~18),야간인구수(19~08),일최대이동인구수,서울외유입인구수,동일자치구행정동간이동인구수,자치구간이동인구수
20220101,11000,서울시,10196141.50020,9719575.55540,385836.53410,90729.41080,10276441.32050,10098474.24190,10146069.10290,10231907.49830,4205665.91680,924139.71520,1921421.58850,1360104.61310
20220101,11110,종로구,230801.48440,213097.84100,14123.24800,3580.39540,270906.76340,208978.35780,250424.31950,216785.17370,141909.83430,36775.38200,27428.21200,77706.24030
20220101,11140,중구,199444.52690,173182.60460,15452.57080,10809.35150,226502.11420,175239.43810,215282.86040,188131.43150,122318.77530,31867.74750,26733.01480,63718.01300
20220101,11170,용산구,282168.58570,259807.97840,18425.93540,3934.67190,296450.70050,269669.93740,290036.17210,276548.88100,132700.42690,35321.15210,42334.30090,55044.97390
20220101,11200,성동구,331039.97300,313123.91840,14974.13750,2941.91720,339167.57940,328074.07570,330033.00540,331759.23560,142413.45620,25905.84830,55784.89070,60722.71720
20220101,11215,광진구,372264.16540,347452.02490,22320.14940,2491.99110,378016.80870,363901.75950,367616.92440,375583.62320,147034.95390,30459.43820,69934.60120,46640.91450
20220101,11230,동대문구,347739.60570,322558.59530,22907.83740,2273.17310,357341.13230,334536.95050,341720.00310,352039.32180,136582.75320,23780.35690,65208.00970,47594.38660
20220101,11260,중랑구,372821.01430,365588.40790,6182.88350,1049.72290,383126.92290,357288.63580,363732.01480,379313.15680,144750.06210,25397.67530,85864.61010,33487.77670
20220101,11290,성북구,424277.44340,408314.72680,13962.92460,1999.79210,436900.28410,402959.23210,412333.73020,432808.66720,152255.51470,22716.11460,78684.10430,50855.29580
20220101,11305,강북구,307706.54190,301684.27150,4961.81370,1060.45670,318654.60240,297586.00050,300197.96070,313069.81420,175290.00560,16375.26250,118459.34360,40455.39950
20220101,11320,도봉구,291020.22530,287589.61810,3009.70050,420.90670,297267.63500,284106.05570,287391.73510,293612.00390,128672.56900,21136.07090,68677.02800,38859.47010
20220101,11350,노원구,518326.71630,511273.80850,5380.06330,1672.84460,532551.94080,502780.06260,509024.04060,524971.48470,191541.60880,35458.16000,108117.14440,47966.30440
20220101,11380,은평구,458407.64900,451297.99140,5804.79480,1304.86280,478053.95870,433926.80040,443781.38020,468854.98400,159209.03080,31531.12020,94178.95060,33498.96000
20220101,11410,서대문구,347357.92690,326458.72190,17702.89600,3196.30900,354043.79560,337512.06590,341662.68600,351425.95610,147233.58590,26399.85180,63547.52220,57286.21190
20220101,11440,마포구,428128.09300,403903.18900,19024.11620,5200.78780,453659.97680,414537.85780,434713.54800,423424.19650,200804.76920,48123.41920,68170.17510,84511.17490
20220101,11470,양천구,391595.58350,382582.17360,5180.08550,3833.32440,403534.35830,376183.09240,383128.85240,397643.24850,140414.82570,28146.48750,65361.67820,46906.66000
20220101,11500,강서구,546642.56970,531188.09060,9068.45640,6386.02270,555676.80530,531910.01650,538613.73330,552377.45280,202418.69830,51241.69090,104606.41390,46570.59350
20220101,11530,구로구,419930.64430,375992.29620,38337.59680,5600.75130,430797.99500,407013.10360,413175.96410,424755.41590,161526.61260,47224.91510,71729.16290,42572.53460
20220101,11545,금천구,224056.95530,202115.96180,19388.26450,2552.72900,229027.12720,219200.73670,226404.92280,222379.83570,102543.19220,32682.50580,43133.47100,26727.21540
20220101,11560,영등포구,459316.68200,409119.35320,46545.10440,3652.22430,477382.51400,446941.20560,467331.75260,453591.63150,219394.76720,52654.85780,87613.93850,79125.97090
20220101,11590,동작구,388508.36100,371635.40930,13932.90630,2940.04530,402752.82220,369090.91550,377303.59820,396511.76300,137579.89400,26052.86880,61746.26880,49780.75640
20220101,11620,관악구,487834.67600,461316.97130,22336.01230,4181.69240,503342.86000,465227.17960,474406.32590,497426.35470,172841.67600,34098.09740,90053.59560,48689.98300
20220101,11650,서초구,471579.55640,456351.55970,10419.59910,4808.39760,482449.12300,455761.49540,479409.49400,465986.74390,199774.16990,50964.03460,71954.69100,76855.44430
20220101,11680,강남구,653098.89520,630427.94750,14076.17460,8594.77300,678945.81250,621721.44450,672042.67850,639567.62140,283145.89390,74730.92030,100362.12640,108052.84720
20220101,11710,송파구,725675.94550,707756.93610,13369.07150,4549.93790,745682.42910,715932.81500,727402.73840,724442.52200,297761.81000,82765.85630,139201.62050,75794.33320
20220101,11740,강동구,516397.68030,505755.15850,8950.19160,1692.33020,536109.67850,487515.41860,498898.66240,528896.97890,205310.61600,38215.41620,136002.14590,31093.05390
20211231,11000,서울시,10643989.13320,10170241.09910,381259.64990,92488.38420,10907241.63200,10301085.09540,10842434.96880,10502242.10780,5418287.60500,1291096.10280,1979675.80490,2147515.69730
20211231,11110,종로구,272992.07320,255255.21250,14376.85190,3360.00870,351284.39980,217051.64600,328299.01570,233487.11420,218038.00890,53847.08240,29245.55480,134945.37170
20211231,11140,중구,276845.58500,248129.75230,18013.54760,10702.28510,395320.43190,192602.91140,361298.41530,216522.13470,270669.43200,70650.06450,28202.29860,171817.06890
20211231,11170,용산구,301102.08360,279306.81220,18079.38960,3715.88170,328458.52130,274438.13790,322301.84370,285959.39780,171661.82590,46163.65100,43423.97280,82074.20210
20211231,11200,성동구,355928.75200,337585.79190,15475.39460,2867.56550,373696.22890,330898.73500,370786.44210,345316.11610,193384.66780,37858.95640,55922.33690,99603.37450
20211231,11215,광진구,373700.72950,350394.21450,20710.92620,2595.58880,386979.93400,352655.87080,362431.40180,381750.24930,167790.64520,34666.52790,71530.35690,61593.76040
20211231,11230,동대문구,358137.18330,333218.80940,22669.33000,2249.04390,369197.53650,344345.02420,354163.70260,360975.38390,165240.85970,28098.26870,65203.98510,71938.60590
20211231,11260,중랑구,359425.16390,352695.49630,5959.85940,769.80820,386935.22740,327739.30580,335750.44820,376335.67520,151622.44690,26570.45980,87435.04640,37616.94070
20211231,11290,성북구,419629.82030,403647.88080,14069.97450,1911.96500,446679.43900,387065.58350,396030.51460,436486.46730,160398.22140,21211.72730,77847.05430,61339.43980
20211231,11305,강북구,295429.12080,289541.56160,4665.28100,1222.27820,316704.34710,271170.30890,277209.61700,308443.05200,171198.52900,13445.85320,112891.34680,44861.32900
20211231,11320,도봉구,276918.96900,273394.42530,3092.50770,432.03600,295546.20190,253006.84600,259130.68880,289624.88350,124979.54600,18119.21470,69391.17120,37469.16010
20211231,11350,노원구,506670.55790,499823.18050,5219.01870,1628.35860,537468.75510,471269.40000,480757.42470,525179.93870,198546.94800,34759.09840,111892.88040,51894.96920
20211231,11380,은평구,439571.51170,432679.60800,5663.68880,1228.21490,481059.74660,391279.60130,402770.36270,465858.04680,161829.41920,30825.99230,96911.22470,34092.20220
20211231,11410,서대문구,364381.84390,342559.65360,17843.98190,3978.20840,379928.01130,350792.26840,368893.56450,361159.18640,190145.11190,37400.46250,66346.50680,86398.14260
20211231,11440,마포구,453233.01330,428974.31320,19208.29790,5050.40220,486687.77360,419903.56900,478021.58370,435526.89170,249691.37570,62812.75980,71987.54830,114891.06760
20211231,11470,양천구,388153.68250,379276.22060,5325.98490,3551.47700,407902.06560,361886.98080,370910.02020,400470.58410,152473.18450,30120.44870,66083.48010,56269.25570
20211231,11500,강서구,551398.64460,535691.85150,9321.06370,6385.72940,569543.75010,532386.63790,539617.59650,559813.67900,238649.83110,65997.74730,112250.82910,60401.25470
20211231,11530,구로구,421823.80720,382317.67890,33433.50980,6072.61850,432145.93880,408929.55990,414795.68690,426843.89310,191500.98260,58776.33000,71958.36180,60766.29080
20211231,11545,금천구,238673.41560,217618.57920,17824.15890,3230.67750,262340.56220,222438.01000,252975.81830,228457.41370,144689.54420,53351.59990,43580.99910,47756.94520
20211231,11560,영등포구,509322.48990,463258.21210,41719.90700,4344.37080,568732.79160,458375.71070,557731.69750,474744.48450,318615.00850,85157.21890,86049.69120,147408.09840
20211231,11590,동작구,388202.96510,371638.23240,13468.18300,3096.54980,416086.51830,360356.49870,366866.89120,403443.01790,154338.82700,30456.62800,61457.38910,62424.80990
20211231,11620,관악구,480047.46340,455055.78950,20903.19930,4088.47460,525595.61200,435176.97190,444238.87350,505625.02760,183376.09690,33203.95700,94751.59170,55420.54820
20211231,11650,서초구,558076.52910,540063.98860,13125.17220,4887.36830,657505.87400,469797.25600,633955.31890,503877.39360,364837.02290,114044.72440,78300.54080,172491.75770
20211231,11680,강남구,788025.80600,760903.97460,18504.57560,8617.25590,961906.56130,647907.32430,916161.63420,696500.21440,543798.46310,163992.38750,118208.23020,261597.84540
20211231,11710,송파구,753213.04640,734398.67580,13797.46120,5016.90940,765814.77540,728746.10820,761856.72900,747038.98750,356315.61970,100764.71020,148182.71560,107368.19390
20211231,11740,강동구,513084.87600,502811.18390,8788.38450,1485.30760,543697.78180,476563.53430,485479.67750,532802.87490,226067.29200,46608.25120,137907.59520,41551.44560
20211230,11000,서울시,10814178.30280,10344938.33800,376547.47810,92692.48680,11118070.63490,10518082.00060,11069167.89220,10632042.88180,5870035.86390,1443216.12610,2032920.33250,2393899.40530
20211230,11110,종로구,292036.73050,273745.11310,14622.87340,3668.74400,386964.33640,220207.13920,361929.16610,242113.56230,250668.12320,64007.59460,30636.47270,156024.05590
20211230,11140,중구,300353.88470,270743.13550,18800.82820,10809.92090,430673.12420,197384.78100,401232.77900,228297.53150,302805.17770,80685.19880,29715.23340,192404.74550
20211230,11170,용산구,303111.50390,281468.04740,17517.31210,4126.14440,329985.40060,274512.48900,326253.91800,286581.20800,183026.81880,49988.08900,44792.94960,88245.78020
20211230,11200,성동구,366416.15760,348228.43820,15519.00150,2668.71790,391062.46880,339794.82340,386461.93560,352097.74480,215036.09570,44126.17290,58170.33030,112739.59250
20211230,11215,광진구,375443.83030,352750.68110,20174.00780,2519.14140,390033.55350,354568.66040,361020.94270,385745.89290,174832.56380,36390.91060,74376.65300,64065.00020
20211230,11230,동대문구,362090.76020,336822.20650,22840.16230,2428.39140,374104.85440,348131.08870,357038.59120,365699.45230,176759.34760,30711.75550,69001.20920,77046.38290
20211230,11260,중랑구,353405.58750,346792.56850,5816.57580,796.44310,386319.87070,315350.57120,323854.00410,374513.86130,153883.16550,25854.26980,89671.39870,38357.49700
20211230,11290,성북구,420550.54820,404501.21580,14256.12730,1793.20510,449957.61470,386166.86950,393781.71350,439671.14440,169259.36130,22308.69570,81251.00440,65699.66120
20211230,11305,강북구,291947.36790,286328.45970,4711.32890,907.57920,316377.34720,266415.73720,271350.97110,306659.07980,177146.01690,13596.21620,117427.32790,46122.47280
20211230,11320,도봉구,273510.07750,270011.72140,2931.24580,567.11030,296122.89050,246090.94490,252316.16080,288648.58950,127791.81040,17919.27520,71795.27060,38077.26460
20211230,11350,노원구,501737.31150,494801.03210,5336.22260,1600.05690,538174.14790,460051.52500,469127.62200,525029.94690,199244.93270,34475.33740,112229.43930,52540.15600
20211230,11380,은평구,435092.61460,427846.21590,5808.11460,1438.28410,483098.76870,379797.65190,391470.46740,466251.29120,163027.18070,30482.51850,97620.26800,34924.39420
20211230,11410,서대문구,370160.06030,347933.74620,17935.60690,4290.70720,383285.43860,360300.27760,376415.43130,365691.93810,206756.74010,42721.04540,68364.72070,95670.97400
20211230,11440,마포구,464538.11580,440229.58610,19112.17570,5196.35390,509600.15730,428965.50670,493356.17360,443953.78880,275445.32530,73417.56930,74498.53240,127529.22360
20211230,11470,양천구,384851.53270,376238.53140,5188.88100,3424.12040,409051.21210,354592.72820,362713.98730,400664.06520,153612.72940,30372.64300,66766.79430,56473.29210
20211230,11500,강서구,553483.02360,537571.25580,9337.00490,6574.76300,572816.56460,534016.29080,538323.11380,564311.53070,248289.67820,69144.52610,113883.67800,65261.47410
20211230,11530,구로구,423451.98810,386419.62070,31011.79850,6020.56890,433965.12490,409122.16280,416295.06460,428564.07630,206040.97290,64010.43450,74068.88440,67961.65400
20211230,11545,금천구,247601.77590,227581.05700,16898.46590,3122.25300,274362.12910,222235.85470,269314.61720,232092.60350,161628.31410,61057.99300,45289.31210,55281.00900
20211230,11560,영등포구,519365.87180,476656.88030,38993.52960,3715.46190,586263.30670,457002.71220,574904.54200,479695.39320,349482.94280,94371.35270,90205.09990,164906.49020
20211230,11590,동작구,389616.81830,373041.09100,13424.35990,3151.36740,418733.36400,356025.15710,362673.24760,408862.22590,160755.65520,31825.66480,64946.76650,63983.22390
20211230,11620,관악구,480522.65700,456795.20790,20347.73120,3379.71790,529487.98580,423279.43640,434937.98770,513083.13510,189838.94590,33597.62090,99103.79940,57137.52560
20211230,11650,서초구,585307.17550,566827.82750,13490.87100,4988.47710,697971.20560,479413.63110,678245.23160,518922.84980,412270.64220,133993.97390,80667.86530,197608.80300
20211230,11680,강남구,846623.62970,817631.00780,19763.32280,9229.29910,1057826.36860,665206.26830,1016468.82930,725305.62990,638670.70060,200611.58060,123914.81050,314144.30950
20211230,11710,송파구,761932.41490,743526.59050,13763.95790,4641.86660,776507.60430,746813.23300,771415.29280,755158.93080,383830.74730,113155.97600,150697.17110,119977.60020
20211230,11740,강동구,511026.86500,500447.10050,8945.97250,1633.79200,546667.40040,470282.12720,478266.10200,534427.41000,234292.22310,48405.26500,140846.47980,45040.47830
20211229,11000,서울시,10849981.45860,10381402.58810,374774.70830,93804.16220,11168723.09430,10557545.75160,11115151.54730,10660574.25240,5951847.18940,1460637.87080,2053333.71390,2437875.60470
20211229,11110,종로구,295996.82050,277392.11930,14872.36820,3732.33300,396780.54260,219549.77200,369840.71500,243251.18150,258330.53250,66589.50460,30808.00800,160933.01990
20211229,11140,중구,301688.22400,272241.98740,18795.62910,10650.60760,436441.36380,195200.09260,406221.65510,227021.48760,309779.49270,82986.94120,30189.60520,196602.94630
20211229,11170,용산구,303950.86670,282658.47630,17249.13940,4043.25110,333540.22670,275015.04690,327801.39130,286914.77770,186054.15320,50823.53370,45027.09690,90203.52260
20211229,11200,성동구,367536.70570,349511.83460,15519.82350,2505.04760,393432.15350,340609.34680,387683.08010,353146.43830,217284.02630,45133.34480,58906.20520,113244.47630
20211229,11215,광진구,372609.17550,349694.55970,20103.35260,2811.26320,389858.77280,346359.88760,354693.24770,385406.26670,168773.60680,32725.42920,74499.47990,61548.69770
20211229,11230,동대문구,363561.80310,338038.87410,22982.74440,2540.18460,373758.29250,349693.86380,358468.10060,367200.16200,179393.63370,30823.13850,70087.09310,78483.40210
20211229,11260,중랑구,353056.93040,346308.38760,5673.79310,1074.74970,386797.26210,312583.33760,322216.74780,375085.63240,153241.27010,25216.70150,90439.55410,37585.01450
20211229,11290,성북구,422200.80440,405994.11290,14280.95310,1925.73840,451261.72960,386071.22650,394447.98950,442024.24360,170374.45340,22057.22780,82140.76110,66176.46450
20211229,11305,강북구,292179.18840,286693.84470,4698.22850,787.11520,317111.10320,265819.86270,271001.14270,307306.36390,177090.42460,13249.20890,117724.20170,46117.01400
20211229,11320,도봉구,274059.32780,270639.63680,2873.53730,546.15380,296619.97240,246046.48080,252638.95710,289359.59270,129798.72820,17785.99190,73032.18130,38980.55500
20211229,11350,노원구,502626.55690,495443.94500,5415.41510,1767.19690,538306.91590,461547.20940,469931.26070,525980.34000,200232.94440,34015.87790,113077.13410,53139.93240
20211229,11380,은평구,434994.88870,428295.34430,5761.17530,938.36920,482487.21310,378812.33340,390959.19570,466448.95520,165366.21500,30693.10990,99385.23150,35287.87360
20211229,11410,서대문구,371772.13150,349573.07060,17856.18230,4342.87860,383232.27420,364242.97110,377810.74090,367458.83910,208950.47990,42890.16440,69470.34490,96589.97060
20211229,11440,마포구,465272.40720,440405.39070,18982.78200,5884.23440,508200.37870,430246.33130,494101.69370,444680.05970,277731.76920,72442.33210,75279.17240,130010.26470
20211229,11470,양천구,384100.04480,375745.55590,5060.75680,3293.73220,409767.87560,351895.93240,360683.95130,400825.82580,153364.98610,29469.68670,67695.53630,56199.76310
20211229,11500,강서구,556412.33690,540067.19990,9306.65880,7038.47820,576024.38910,536441.17390,540932.27110,567469.52670,252427.39750,70734.48790,115136.01940,66556.89020
20211229,11530,구로구,423890.37570,387702.90800,30632.08310,5555.38470,435792.46690,408596.82790,416836.68610,428928.72540,209560.97340,65712.40360,74590.19620,69258.37360
20211229,11545,금천구,249675.33240,229834.83450,16749.16750,3091.33040,276646.04180,223667.66720,272286.40280,233524.56780,165769.35840,62616.65310,46085.36710,57067.33820
20211229,11560,영등포구,520117.28640,478029.06200,38284.80290,3803.42160,586391.80500,459175.04230,576247.08780,480024.57120,353456.27920,95729.33220,91303.64810,166423.29890
20211229,11590,동작구,390354.55510,373687.52640,13476.84270,3190.18600,419945.22620,353643.35320,362304.82120,410390.07940,162179.24370,31571.97740,65829.08690,64778.17940
20211229,11620,관악구,481292.85950,457728.31260,20134.94200,3429.60490,530755.27010,421769.47350,433928.82500,515124.31280,192969.66040,34016.91120,101458.62130,57494.12790
20211229,11650,서초구,590641.88830,572315.08220,13366.97960,4959.82660,708464.70180,480976.36370,686581.56710,522113.54630,422892.80900,137890.87730,81297.84780,203704.08390
20211229,11680,강남구,856238.53340,826928.11520,19977.96910,9332.44910,1080385.01170,665831.59560,1035642.95710,728092.51660,658699.86530,207413.52260,124579.63920,326706.70350
20211229,11710,송파구,761473.00390,743226.14010,13698.20410,4548.65970,774714.61560,749622.48840,770097.25110,755312.82720,385880.38350,113695.88660,150578.13700,121606.35990
20211229,11740,강동구,514279.41120,503246.26740,9021.17800,2011.96580,548952.59480,473136.84640,481793.80900,537483.41290,238052.01610,49809.90080,141974.02270,46268.09260
20211228,11000,서울시,10857645.36000,10390701.94270,375122.48220,91820.93510,11186194.95280,10551354.00070,11131558.67030,10661992.99550,5963421.68280,1463947.44580,2061421.99260,2438052.24440
20211228,11110,종로구,294580.47510,276181.04710,14691.52800,3707.90000,393931.31080,219134.27460,367563.04140,242450.07060,257246.47040,65935.53290,31201.14880,160109.78870
20211228,11140,중구,301261.35460,271415.81530,18847.13410,10998.40520,434345.13530,196977.72620,405042.65580,227131.85360,308035.82350,82443.19380,30305.85050,195286.77920
20211228,11170,용산구,302917.45900,281338.91300,17110.26500,4468.28110,329247.08320,275604.57770,325511.60420,286778.78400,182374.75470,49609.51890,44804.76100,87960.47480
20211228,11200,성동구,367832.22130,349635.91540,15565.49400,2630.81190,392463.35360,340953.50300,388130.73870,353333.28030,217440.38130,44624.62040,59130.38570,113685.37520
20211228,11215,광진구,372840.33030,349943.76770,20167.05210,2729.51040,389830.47500,346578.81360,354567.20200,385892.56470,168168.56560,32220.37690,74708.25770,61239.93100
20211228,11230,동대문구,363920.50580,338551.71070,23009.90820,2358.88690,374741.03150,349083.70170,358630.72630,367698.91970,179227.84370,30980.92720,70452.73890,77794.17760
20211228,11260,중랑구,353223.47780,346470.43490,5676.19940,1076.84340,387587.55130,313002.59790,322092.71350,375459.73800,153327.00580,25249.03480,90550.95370,37527.01730
20211228,11290,성북구,423933.62700,407420.28920,14308.62910,2204.70870,451747.23010,388786.32180,397061.54090,443127.97420,171833.28050,21836.15890,83001.97890,66995.14270
20211228,11305,강북구,292386.77260,286901.14330,4756.56880,729.06050,317627.75690,266373.29850,271171.56050,307540.49550,176989.21960,13014.96420,117772.18620,46202.06920
20211228,11320,도봉구,274421.33140,270897.92880,2859.38100,664.02160,297133.16820,246328.61460,252672.53020,289956.18950,128456.10250,17515.73950,72361.02900,38579.33400
20211228,11350,노원구,503454.76710,496355.06720,5266.36430,1833.33560,538491.22710,462294.68210,471052.31320,526599.37710,202253.13570,34957.07580,114058.70100,53237.35890
20211228,11380,은평구,436235.32500,429304.82380,5822.96980,1107.53150,483367.89060,380392.32590,392702.71190,467330.04870,165431.56800,30936.59660,99082.59070,35412.38070
20211228,11410,서대문구,372721.23530,350602.92070,18212.56520,3905.74940,386223.72150,365026.55290,379918.05550,367580.64950,211127.83650,43528.13070,70219.89700,97379.80880
20211228,11440,마포구,465155.31630,440938.58380,18898.64170,5318.09070,506783.43610,429499.70460,494083.48190,444492.34080,275563.87580,72753.05060,75189.12160,127621.70360
20211228,11470,양천구,384418.88100,376264.54180,5132.08660,3022.25270,408912.67180,351457.91960,361153.24540,401037.19220,153680.02400,29083.29420,68421.48670,56175.24310
20211228,11500,강서구,556916.87930,540653.90350,9268.26390,6994.71200,575294.93870,536806.33310,541909.55330,567636.39800,252476.75020,70478.52970,115649.18790,66349.03260
20211228,11530,구로구,423177.62800,387590.17410,30474.01320,5113.44070,435369.75550,408718.09990,416178.52590,428176.98670,209275.35290,64939.69090,75457.20840,68878.45360
20211228,11545,금천구,251158.99640,231133.80530,16909.25750,3115.93360,279027.07160,223731.23680,275111.27720,234050.22450,167826.84060,63509.25090,46148.19490,58169.39480
20211228,11560,영등포구,520206.64320,477997.80490,38548.52410,3660.31420,587790.29180,457083.61260,577196.76970,479499.40990,354198.79010,95499.81980,91990.66970,166708.30060
20211228,11590,동작구,390417.18710,374311.82380,13324.05470,2781.30860,419510.65110,354652.93370,362332.84810,410477.42930,163050.62980,31479.40680,65962.62500,65608.59800
20211228,11620,관악구,481693.13060,458532.15240,20110.70750,3050.27080,530463.64250,422469.62860,434930.61970,515094.92410,194011.86410,34391.71530,101811.86580,57808.28300
20211228,11650,서초구,592460.91720,573392.68030,13411.17770,5657.05920,713485.25780,479442.22570,691364.55160,521815.46400,425881.82320,139559.79210,81100.92000,205221.11110
20211228,11680,강남구,858957.01610,830006.42760,20064.53630,8886.05210,1090225.50210,662632.18420,1044202.00320,726639.16810,668289.59650,213385.04130,125404.55580,329499.99940
20211228,11710,송파구,758491.22110,740685.92280,13704.70980,4100.58850,769206.24580,749734.69360,763262.36300,755083.26270,379311.07530,110567.91690,150389.00790,118354.15050
20211228,11740,강동구,514862.66120,504174.34520,8982.45000,1705.86600,547522.96060,475730.06180,483716.03730,537110.24980,240108.80340,49733.90640,143084.68190,47290.21510
20211227,11000,서울시,10841341.82480,10370708.79460,378678.94450,91954.08560,11178103.50290,10539984.54600,11116507.24740,10644795.09430,5871994.71240,1435009.84070,2057232.88040,2379751.99130
20211227,11110,종로구,286109.33580,267858.21480,14777.44460,3473.67640,379637.04350,214996.80180,355561.70320,236500.50190,245592.18460,62261.17160,30416.30430,152914.70870
20211227,11140,중구,294509.12260,264265.35300,18551.36860,11692.40090,425171.42810,191903.62550,395648.59860,222266.63970,299159.06550,79443.19610,30254.80180,189461.06760
20211227,11170,용산구,301790.30440,279722.57730,17092.30730,4975.41990,325978.79160,275801.36650,322811.54120,286775.13530,178068.12090,48338.10070,44537.72320,85192.29700
20211227,11200,성동구,366167.59850,348065.05980,15636.78220,2465.75650,389878.22150,339966.28170,386002.27490,351999.97250,212958.58390,43246.09580,59049.85090,110662.63720
20211227,11215,광진구,373360.87210,350201.99350,20462.36830,2696.51040,390513.86430,349102.27870,356133.49730,385666.13990,167694.08120,32779.05680,73989.61070,60925.41370
20211227,11230,동대문구,364182.93760,338440.89470,23356.80540,2385.23750,373596.82350,353354.30100,359361.66890,367626.70100,175568.51940,30247.06380,69845.62490,75475.83070
20211227,11260,중랑구,356014.61410,349383.67970,5712.73540,918.19890,389669.21950,317584.70850,325910.33140,377517.67310,153239.58820,24897.63290,90859.43110,37482.52420
20211227,11290,성북구,425868.93610,409226.69620,14483.45160,2158.78830,454052.12910,392148.37080,399259.38900,444875.75540,169732.37830,21272.17750,82697.49980,65762.70100
20211227,11305,강북구,294504.16320,288913.16610,4804.69410,786.30300,319712.39790,268773.22560,273996.66030,309152.37950,177446.48340,13219.25910,118860.88340,45366.34090
20211227,11320,도봉구,276377.74390,272735.00220,2774.85890,867.88280,299009.53450,248910.40320,255248.08790,291470.35530,127259.72040,17356.92850,72550.58450,37352.20740
20211227,11350,노원구,505711.12530,498718.53030,5301.82040,1690.77450,541998.04980,465676.86130,473253.88300,528894.86980,199472.45780,34044.51040,113779.62460,51648.32280
20211227,11380,은평구,439249.06810,432065.65140,5844.72470,1338.69190,486569.85790,384572.83140,396060.05670,470098.36190,163605.21340,30039.75890,98980.92580,34584.52870
20211227,11410,서대문구,373201.23580,351101.11390,18267.54330,3832.57870,385888.00520,365027.27180,380737.38430,367818.27260,208350.28700,42661.84360,69987.79350,95700.64990
20211227,11440,마포구,463015.13360,438894.48520,18839.70120,5280.94720,503170.07710,428262.59830,491230.09960,442861.58640,270389.21140,70558.09260,74874.50370,124956.61510
20211227,11470,양천구,384942.84170,377161.23100,5138.35030,2643.26040,409796.88380,353982.33510,362428.99540,401024.16040,151935.61560,29012.91080,67584.19860,55338.50620
20211227,11500,강서구,558916.61920,543283.10190,9272.76290,6360.75440,575499.42080,541291.03630,545509.92510,568492.82930,251521.12310,70520.97070,115031.58520,65968.56720
20211227,11530,구로구,426536.69460,390002.35020,31901.09330,4633.25110,434512.01210,414694.64160,421797.59540,429921.76540,208533.02220,64655.74340,74894.65180,68982.62700
20211227,11545,금천구,252173.52140,231489.87360,17687.18530,2996.46250,281753.09110,223475.52260,277368.96920,234176.77290,167622.15230,63266.55110,46467.75250,57887.84870
20211227,11560,영등포구,519262.03710,475550.13510,39620.18590,4091.71610,587867.43490,456198.05710,577085.10770,477959.84380,351152.89370,95257.60040,91774.41840,164120.87490
20211227,11590,동작구,391630.42200,375311.48150,13445.45440,2873.48600,420455.44120,357823.87940,364332.53940,411128.90950,161906.34020,31072.85930,66328.25050,64505.23040
20211227,11620,관악구,483759.43380,460190.92700,20336.74770,3231.75910,531461.69460,427126.09130,438353.36860,516192.33740,191889.38540,33660.24860,101091.06880,57138.06800
20211227,11650,서초구,583218.90490,564808.78630,13100.93000,5309.18860,702545.11880,472406.73740,679693.57860,514308.42370,414550.62390,136058.66500,80610.25630,197881.70260
20211227,11680,강남구,844937.92130,815884.10890,19441.00060,9612.81180,1070943.81960,651408.33620,1026393.84770,715326.54530,649710.56760,206946.85940,124286.05560,318477.65260
20211227,11710,송파구,759509.12180,741911.49400,13715.99540,3881.63240,771482.31680,748849.86710,767180.97300,754029.22820,378006.63300,110859.67700,149108.38360,118038.57240
20211227,11740,강동구,516392.11610,505522.88710,9112.63250,1756.59650,550234.68700,477966.03490,485147.17100,538709.93410,237242.11560,49174.13820,142075.32510,45992.65230
20211226,11000,서울시,10515911.12830,10038098.03160,385391.88270,92421.21400,10659959.85640,10388059.88510,10578287.12370,10471356.84590,4234228.82770,933928.52660,1921293.79880,1379006.50230
20211226,11110,종로구,236087.51190,218054.16500,14582.38630,3450.96070,274362.45330,214622.30320,258243.30950,220261.94230,138354.39090,36045.16710,27262.32220,75046.90160
20211226,11140,중구,218076.21110,189818.82810,16482.02510,11775.35790,253916.80800,189337.44370,243304.93630,200055.69310,137330.28270,36130.23600,27516.01040,73684.03630
20211226,11170,용산구,292427.42990,268517.44910,18063.31840,5846.66250,314128.42420,277803.61640,305471.78600,283110.03280,135247.22370,36463.60370,41996.32220,56787.29780
20211226,11200,성동구,342799.43820,324647.96550,15439.51120,2711.96150,352150.36780,335865.39450,344645.16430,341481.06240,140127.37360,25532.67060,55285.03740,59309.66560
20211226,11215,광진구,380376.37760,356006.07000,21741.55800,2628.74960,389633.57390,370716.69420,376429.61430,383195.49420,142390.30980,28269.62140,69540.26150,44580.42690
20211226,11230,동대문구,362190.53900,335967.91800,23773.44000,2449.18100,369073.86290,352273.55530,358278.73010,364984.68820,138051.73830,23519.77110,66300.28960,48231.67760
20211226,11260,중랑구,377083.58520,370150.94080,6104.29930,828.34510,388560.52070,362787.97730,368185.27830,383439.51870,138051.41350,23823.65980,83582.33160,30645.42210
20211226,11290,성북구,439997.68200,423151.50010,14455.59540,2390.58650,453201.30750,422957.53780,429754.12940,447314.50530,146989.71380,22022.81550,77865.72530,47101.17300
20211226,11305,강북구,309131.13540,303458.03990,5015.04510,658.05040,319548.86930,298519.25720,301834.35660,314343.12020,168796.35410,13892.11460,117187.07130,37717.16820
20211226,11320,도봉구,292551.94140,288983.41540,2819.21350,749.31250,300801.41930,283112.42900,287078.85810,296461.28660,119233.15760,17797.91160,67334.06510,34101.18090
20211226,11350,노원구,525891.25300,518988.81730,5383.17800,1519.25760,541624.63420,512821.34940,516957.49500,532272.50860,184294.92190,32289.12640,109051.11500,42954.68050
20211226,11380,은평구,464996.13890,457864.67090,5887.77390,1243.69410,485546.73030,439638.48280,448299.91780,476922.01120,148232.88810,27881.26550,89741.33320,30610.28940
20211226,11410,서대문구,361679.66050,339633.22800,18263.02120,3783.41140,366516.68840,354548.03460,358055.86210,364268.08800,149491.09230,26178.89470,67127.38210,56184.81550
20211226,11440,마포구,443731.60420,419177.60070,18947.45820,5606.54530,472641.57360,426812.08710,455903.09540,435037.68200,197174.74220,47717.00920,67912.63980,81545.09320
20211226,11470,양천구,398301.65690,390855.62290,5076.68700,2369.34700,409272.25580,389484.92540,393643.87280,401628.64560,138357.17200,26364.03720,65133.56890,46859.56590
20211226,11500,강서구,562321.29140,547604.04810,9286.66660,5430.57660,571805.12040,554325.31140,557728.47180,565601.87680,201729.91780,50828.24310,105449.27680,45452.39790
20211226,11530,구로구,426632.10710,384137.15130,37377.48010,5117.47570,435802.81660,416869.06550,421963.94740,429966.50700,155457.92450,44208.83790,70995.15120,40253.93540
20211226,11545,금천구,226298.82950,204603.24200,18492.70890,3202.87860,230893.84990,221500.08860,227234.43290,225630.54140,95666.28330,28301.92640,42631.66250,24732.69440
20211226,11560,영등포구,477457.59440,428387.58660,45142.05280,3927.95510,511668.57170,451879.00770,499907.10080,461422.23280,232486.98450,59396.20650,86938.81210,86151.96590
20211226,11590,동작구,401103.53940,384263.78080,13931.87220,2907.88650,420150.34230,383111.90810,389237.54660,409579.24860,135886.75280,25828.91770,61445.11050,48612.72460
20211226,11620,관악구,508828.86020,483399.74460,22233.79220,3195.32340,528890.36810,487636.38630,494672.56990,518940.49610,172409.93670,33847.42140,91488.88480,47073.63050
20211226,11650,서초구,495666.48150,479988.05600,10327.57420,5350.85130,531938.45470,458779.48540,521345.69550,477324.18590,229250.11270,64336.36240,74646.20320,90267.54710
20211226,11680,강남구,694044.95200,670259.87320,14119.47740,9665.60150,763893.79600,636672.60220,743056.34230,659036.81610,332709.94970,96397.04530,105597.72710,130715.17730
20211226,11710,송파구,747963.76290,730699.86190,13407.57500,3856.32590,780368.53350,727938.70180,759166.75420,739961.62620,298798.02760,81040.08570,138940.14940,78817.79250
20211226,11740,강동구,530271.54470,519478.45560,9038.17290,1754.91620,548476.10430,510299.28410,517887.85670,539117.03610,207804.69810,38950.55220,137419.50280,31434.64310
20211225,11000,서울시,10527203.31870,10055379.45000,382537.92820,89285.94050,10607931.14160,10405679.00320,10574320.73560,10493548.02080,4510417.74070,1072682.37500,1883018.11050,1554717.25520
20211225,11110,종로구,250019.78490,232145.18400,14502.39230,3372.20860,306900.33980,217191.72110,280993.44590,227895.74130,168573.79200,49817.25130,26962.91890,91793.62180
20211225,11140,중구,244799.22720,215812.85680,17739.54110,11246.82930,321539.18680,196550.62520,284212.54010,216646.86090,191257.49160,64570.32390,26868.67130,99818.49640
20211225,11170,용산구,297106.22290,274591.32890,18463.49250,4051.40150,321280.24040,277438.21600,311914.78310,286528.67990,150245.55130,43036.10650,41961.48400,65247.96080
20211225,11200,성동구,343605.91680,325672.18990,15373.67900,2560.04790,349500.74080,337074.40010,345588.42270,342189.84120,151049.90710,29602.24100,53830.34090,67617.32520
20211225,11215,광진구,378603.71480,355079.51950,21330.85000,2193.34530,384652.75430,370174.20560,372902.37450,382676.10080,150138.26110,32529.96660,68032.99020,49575.30430
20211225,11230,동대문구,360125.98620,334273.69320,23360.27850,2492.01460,370553.13780,340446.01880,353476.59970,364875.54800,142274.68060,25051.70020,65238.38520,51984.59520
20211225,11260,중랑구,372551.49430,365693.09920,6077.46000,780.93510,386303.88740,353713.45580,360935.05220,380848.95290,143953.92000,25526.49720,83279.73290,35147.68990
20211225,11290,성북구,432571.02640,415926.92940,14120.30220,2523.79470,448894.05070,404922.17810,417370.20070,443428.75900,147662.92260,21540.55990,75334.48700,50787.87570
20211225,11305,강북구,304990.94350,299465.01040,4859.22630,666.70680,317116.97370,290576.22920,295118.99680,312042.33410,167995.17020,14108.23680,113139.30130,40747.63210
20211225,11320,도봉구,288340.90020,284828.05240,2870.95960,641.88830,297717.36990,273605.76860,280354.96860,294045.13710,121808.75110,18873.77190,66508.68870,36426.29050
20211225,11350,노원구,519696.41320,513099.14370,5309.98570,1287.28380,536204.31270,499130.97400,506673.24000,528998.67970,190719.45220,34683.91540,108002.67090,48032.86590
20211225,11380,은평구,459767.59350,452256.68880,5938.83450,1572.07010,482698.81850,430625.42620,440074.81830,473833.86140,156675.28270,30690.64860,91194.10130,34790.53280
20211225,11410,서대문구,361205.60850,339292.03550,18101.70770,3811.86530,367421.62690,353521.46140,356542.49200,364536.40600,158532.99480,31612.81950,64885.93820,62034.23710
20211225,11440,마포구,452676.25080,427592.90040,19379.46510,5703.88530,493096.95400,430088.19990,470411.93110,440007.90760,227738.29860,62348.26230,67605.80960,97784.22670
20211225,11470,양천구,393688.80070,386091.11770,5081.50570,2516.17720,406813.55300,376829.56290,384593.26640,400185.61090,138227.39860,27978.83870,62740.63900,47507.92090
20211225,11500,강서구,557074.73990,542323.18630,9264.62840,5486.92510,571803.98150,536239.10270,547487.17880,563922.99770,207000.49840,53365.07790,105430.21870,48205.20180
20211225,11530,구로구,419185.15160,379109.80410,35350.47270,4724.87480,432499.96310,402175.10810,409410.75110,426166.86620,159084.20850,45498.36380,69334.30040,44251.54430
20211225,11545,금천구,224403.28090,203753.70920,17639.12880,3010.44300,227455.20630,220846.98630,224365.81960,224430.03910,99438.79570,30966.05540,41717.41300,26755.32730
20211225,11560,영등포구,483506.60590,436553.57060,43244.43390,3708.60140,527759.26110,456622.02500,507982.58300,466023.76510,251950.17190,67477.88770,84568.15660,99904.12760
20211225,11590,동작구,396517.11470,379606.01350,13644.98770,3266.11350,415473.75660,369040.30770,380408.60370,408023.19400,137412.01500,26292.60470,60136.02310,50983.38720
20211225,11620,관악구,500166.32890,475819.98020,21400.18160,2946.16710,524006.65240,467135.62940,480184.70850,514438.91490,173443.64270,33991.85710,89717.22690,49734.55870
20211225,11650,서초구,500343.07930,484299.87890,10939.47920,5103.72120,534373.63130,463615.89510,525393.35890,482450.02250,235363.82420,68485.57100,72140.65510,94737.59810
20211225,11680,강남구,705867.43210,680557.54930,15512.68130,9797.20150,778153.91760,641128.83980,758204.95410,668483.48770,353772.17510,108541.65480,101637.47560,143593.04470
20211225,11710,송파구,757666.81530,739556.15910,14099.71390,4010.94230,795209.40470,729914.95600,774940.37430,745328.55890,338666.03980,103121.75340,140066.78930,95477.49710
20211225,11740,강동구,522722.88630,511979.84900,8932.54040,1810.49690,543711.74420,492180.24270,504779.27170,535539.75390,208303.88590,41440.44380,132860.96460,34002.47750
20211224,11000,서울시,10857861.46430,10389876.49660,376216.65390,91768.31390,11173656.86640,10516935.06960,11110095.64050,10677694.19570,5836505.75590,1398549.34010,2059889.29810,2378067.11770
20211224,11110,종로구,290960.95410,272178.32270,14728.01840,4054.61300,383140.56540,223091.57110,357794.36790,243222.80130,246583.65880,62029.61010,30756.55080,153797.49790
20211224,11140,중구,305391.45930,274057.57020,19338.92920,11994.95990,424196.51700,202266.89720,400205.27620,237667.30440,297241.63720,77360.48100,30471.43740,189409.71880
20211224,11170,용산구,307569.62050,286146.93570,17548.28730,3874.39750,337333.37370,279059.42470,329758.83410,291720.18220,182396.10480,48896.26510,45464.44370,88035.39600
20211224,11200,성동구,368614.13710,350303.79660,15745.92810,2564.41240,393371.98420,340134.01480,388673.31030,354286.15630,213662.32180,42322.54540,58673.82050,112665.95590
20211224,11215,광진구,376668.97430,354167.10560,20096.36510,2405.50360,390781.90540,353434.25250,362080.42410,387089.36730,172525.72920,33033.97090,75458.70120,64033.05710
20211224,11230,동대문구,366221.34220,340291.96550,23081.83510,2847.54150,377583.39590,351550.98060,362152.73060,369127.49320,175375.76010,29862.00850,68840.70540,76673.04620
20211224,11260,중랑구,355832.54220,349443.71220,5782.57830,606.25160,387351.65660,320302.45450,328081.29590,375654.86100,156832.95330,26142.96860,91425.40690,39264.57780
20211224,11290,성북구,426072.52100,408897.72770,14291.49980,2883.29350,455616.21900,393958.95800,400080.16730,444638.48790,169133.42420,20930.85660,81462.74450,66739.82310
20211224,11305,강북구,293155.90610,287757.30250,4689.85700,708.74660,316961.73490,268473.21520,273426.06730,307248.64810,175105.23250,12764.70950,115758.80970,46581.71330
20211224,11320,도봉구,274935.73490,271593.91380,2798.38360,543.43750,296076.40030,249958.25950,255076.78510,289120.69900,127816.23560,17809.40360,71284.28060,38722.55140
20211224,11350,노원구,506678.69300,500052.97630,5322.29980,1303.41690,539878.69210,468351.35270,477393.84330,527596.44280,203194.78420,34576.73310,115569.35600,53048.69510
20211224,11380,은평구,440106.38030,432846.89870,5838.16730,1421.31430,485688.17170,387435.98350,398837.41030,469584.21610,166558.73840,31320.87060,99830.38190,35407.48590
20211224,11410,서대문구,372636.24810,350603.70790,17999.84190,4032.69840,385439.03360,359915.66100,377058.88860,369477.21930,202924.42810,39928.21450,69023.23520,93972.97840
20211224,11440,마포구,469025.49600,443818.96720,19584.88510,5621.64370,509670.39160,433095.79170,497825.23230,448454.25590,274816.65030,71076.40960,75387.58350,128352.65720
20211224,11470,양천구,386437.94810,378816.84330,5142.40390,2478.70090,409723.51820,358075.62240,365847.27850,401145.56930,154910.64280,29638.19720,68535.13080,56737.31480
20211224,11500,강서구,556618.41000,541773.70110,9386.51560,5458.19330,574497.35960,537728.31110,542161.25140,566944.95190,248903.77190,66952.74150,117026.46040,64924.57000
20211224,11530,구로구,421963.18840,386016.28100,30623.65610,5323.25140,433765.75020,406866.78850,413666.27800,427889.55310,202446.96490,62076.30610,74644.99830,65725.66050
20211224,11545,금천구,244491.64600,225169.94880,16396.53580,2925.16140,271908.09550,221473.02720,264855.37760,229946.12350,159276.50240,60255.35550,45134.52190,53886.62500
20211224,11560,영등포구,517290.80390,475083.04300,38246.79150,3960.96950,581385.35280,460437.62590,570447.60010,479321.66380,340433.69270,90581.95130,88962.03670,160889.70470
20211224,11590,동작구,391916.41100,375417.18460,13271.75320,3227.47320,421576.57450,357824.27230,365519.05950,410771.66210,158780.70700,29762.77070,64668.37630,64349.56000
20211224,11620,관악구,482165.16620,459255.72550,19890.71360,3018.72710,532396.88500,426557.90040,437876.71210,513799.77630,188071.98250,32832.29630,98934.75240,56304.93380
20211224,11650,서초구,585669.24220,566748.72200,13692.93290,5227.58730,702283.30540,477773.00820,677826.54810,519842.59510,409169.60320,130888.56400,81697.17390,196583.86530
20211224,11680,강남구,838460.61390,809178.18930,19952.96960,9329.45490,1055013.68170,666231.96740,1005003.41470,719501.47050,630580.58570,195024.89990,125228.08610,310327.59970
20211224,11710,송파구,763027.71760,745061.77130,13873.32830,4092.61800,778971.44440,742542.49370,772454.56550,756294.25480,382474.86720,108786.99280,153785.03100,119902.84340
20211224,11740,강동구,515950.30790,505194.18390,8892.17730,1863.94660,549509.78590,480268.93560,485992.92200,537348.44060,237702.46020,49345.07040,142222.25380,46135.13600
20211223,11000,서울시,10938147.06840,10469625.48740,375504.09230,93017.48870,11277953.35070,10620437.76020,11220369.69780,10736559.47600,6108596.43670,1493025.62740,2088078.59780,2527492.21150
20211223,11110,종로구,300607.30480,282063.60420,14969.96870,3573.73190,402927.82700,221695.26840,376262.75160,246567.70000,266456.79200,68306.34220,31337.73430,166812.71550
20211223,11140,중구,310854.61530,279176.89440,18976.91080,12700.81010,446769.85880,199468.10450,417565.79550,234632.34380,319093.42870,84402.43170,30716.90460,203974.09240
20211223,11170,용산구,304871.36370,284629.64500,16971.10880,3270.60990,332327.09170,275082.35180,326945.35440,289104.22740,188195.64060,50343.02080,46554.26650,91298.35330
20211223,11200,성동구,372629.69760,354314.90630,15654.72850,2660.06280,397349.54670,345798.15450,392724.70650,358276.11990,223328.89100,45164.31290,60087.67800,118076.90010
20211223,11215,광진구,374486.29790,351929.41130,19841.74790,2715.13860,392734.33080,347629.32470,355598.34520,387977.69260,172698.91770,32666.36890,75574.17710,64458.37170
20211223,11230,동대문구,368275.29170,341889.66810,23220.19210,3165.43150,378960.57930,353117.69250,363683.69480,371555.00370,183490.76090,31971.03020,71540.72280,79979.00790
20211223,11260,중랑구,352460.99890,346119.17500,5697.64260,644.18130,387321.56070,312071.29450,321141.62480,374831.98040,156705.18940,25291.50470,91956.96760,39456.71710
20211223,11290,성북구,426900.26830,409415.59100,14689.62230,2795.05500,456125.07900,392214.37930,399521.73480,446456.36370,175685.84570,21946.40140,83710.55930,70028.88500
20211223,11305,강북구,291795.88550,286362.28980,4686.97380,746.62200,317796.57740,265294.17070,270011.35730,307356.26290,179115.37030,12777.83960,119077.25360,47260.27710
20211223,11320,도봉구,273221.61910,269923.06840,2754.04490,544.50570,296219.83410,246488.55560,251971.72850,288400.11230,130809.12040,17524.63240,73406.61080,39877.87720
20211223,11350,노원구,502826.95820,496205.01120,5401.90620,1220.04080,539274.34130,460249.26130,469238.30640,526818.85230,203304.39270,34426.94990,115197.60990,53679.83290
20211223,11380,은평구,436072.90640,428958.84100,5761.49410,1352.57130,485516.59310,379696.74120,390952.36600,468301.86370,167069.12860,31119.05840,99419.99030,36530.07990
20211223,11410,서대문구,376708.64270,354220.29510,18216.36680,4271.98080,391465.12740,367170.61200,384020.20200,371486.10040,215554.79150,43834.23010,71051.62880,100668.93260
20211223,11440,마포구,472921.34830,447328.53710,19583.06740,6009.74370,518573.02590,436029.69780,502718.88840,451637.39100,287525.87480,75894.23440,77024.77120,134606.86920
20211223,11470,양천구,383762.07630,376592.75240,5079.55510,2089.76880,409385.81880,350799.44270,359967.04790,400758.52520,155505.74820,29502.36880,68486.58510,57516.79430
20211223,11500,강서구,557406.31080,542521.78530,9421.88730,5462.63820,574961.68810,537678.82750,542531.39700,568031.24920,256700.30010,70722.68150,117837.89170,68139.72690
20211223,11530,구로구,423876.76720,388311.51680,29992.99940,5572.25100,435839.15080,408571.49580,416212.08290,429351.54170,211582.61460,65701.76820,75614.99960,70265.84680
20211223,11545,금천구,248812.68950,229940.87550,16188.12860,2683.68540,276715.42360,222180.04000,272309.04720,232029.57680,168315.80290,63743.46320,46278.75170,58293.58800
20211223,11560,영등포구,524754.63310,482731.96860,37721.23180,4301.43270,593275.11280,460512.67800,582056.17820,483824.95800,361717.14870,96523.20800,92634.04590,172559.89480
20211223,11590,동작구,393005.28160,376813.12400,13383.19610,2808.96150,422343.13490,357753.10120,364577.85920,413310.58340,166004.40850,31591.67880,67168.78040,67243.94930
20211223,11620,관악구,481896.88930,458920.37490,19823.52160,3152.99270,534882.75900,420800.34280,433017.81430,516810.51420,194562.56270,33526.24400,102617.74920,58418.56950
20211223,11650,서초구,603190.88740,583741.68360,13789.63950,5659.56430,725051.28240,486243.02650,703933.46470,531231.90370,438944.19890,143065.99160,83925.98360,211952.22370
20211223,11680,강남구,878134.40820,848040.62000,20809.08810,9284.70010,1121291.79490,673625.39570,1071534.12620,739991.75250,698235.28200,223871.61690,128233.88280,346129.78230
20211223,11710,송파구,765433.64590,746994.82090,13901.84530,4536.97970,779661.58790,754427.38380,772707.56220,760237.99130,393437.31270,113873.98860,154416.82760,125146.49650
20211223,11740,강동구,513240.28080,502479.02750,8967.22450,1794.02880,549386.21710,470993.51750,479166.26190,537578.86570,241107.58390,49433.01740,143507.83690,48166.72960
20211222,11000,서울시,10942701.50510,10476558.48280,375159.56110,90983.46130,11285508.79850,10621467.74390,11228140.52720,10738816.48940,6126854.30130,1490893.85710,2103037.46570,2532922.97850
20211222,11110,종로구,300957.26610,282698.33200,14871.76620,3387.16800,404434.50520,220679.02280,378784.38480,245366.46710,268094.57900,68037.89750,31437.07910,168619.60240
20211222,11140,중구,306567.95400,276729.52830,18826.83580,11011.58990,445227.66870,196174.01960,414360.43890,229573.32190,320191.83500,84895.00210,30914.45550,204382.37740
20211222,11170,용산구,304260.85520,284608.25710,16681.84950,2970.74860,331029.03060,274593.44160,327338.55100,287776.78690,188799.09310,50236.22660,46214.15350,92348.71300
20211222,11200,성동구,372438.73260,354016.32710,15779.90980,2642.49560,396993.95250,345627.70830,391745.82930,358647.94920,223405.31900,45084.01760,60934.89470,117386.40670
20211222,11215,광진구,374582.89880,352155.37980,19866.97940,2560.53960,392180.79100,349502.73200,356686.38750,387366.12110,174460.25860,32924.82550,76851.29540,64684.13770
20211222,11230,동대문구,371770.07130,344246.25300,23639.12600,3884.69230,383247.54980,358018.52170,366835.02280,375295.10590,184265.52080,31575.35830,72189.66740,80500.49510
20211222,11260,중랑구,352359.68690,345904.01670,5713.35670,742.31350,387652.63720,311938.04650,320350.60890,375223.31410,157336.54470,25541.59450,92552.53060,39242.41960
20211222,11290,성북구,428063.65500,410585.17620,14746.24660,2732.23230,457394.02630,392546.85410,400655.26040,447641.07980,175414.02530,21771.05400,83878.65290,69764.31840
20211222,11305,강북구,292800.57000,287292.19140,4712.55330,795.82540,317431.47930,266559.75330,272071.79510,307606.83780,180027.79150,12983.07630,119266.27100,47778.44420
20211222,11320,도봉구,274293.96770,270870.22160,2846.17180,577.57430,296517.12300,247649.49260,253317.57410,289277.10590,130936.69470,17786.94540,72771.69710,40378.05220
20211222,11350,노원구,503436.89010,496619.18920,5352.64260,1465.05830,539980.27240,462598.17830,470128.91950,527228.29770,205760.52610,35009.36850,115879.90460,54871.25300
20211222,11380,은평구,436921.15960,429791.96820,5751.96610,1377.22520,485671.66530,381041.82270,392160.82060,468892.83030,167613.59940,31010.81900,99986.80370,36615.97670
20211222,11410,서대문구,378219.97680,355938.20730,18192.20010,4089.56940,393222.80740,368524.01740,386435.50270,372351.74410,217011.81920,44639.13380,71611.60590,100761.07950
20211222,11440,마포구,472821.29800,447274.78940,19434.35380,6112.15490,519165.42370,435129.43510,502806.10620,451403.57780,286805.70390,75066.91350,77232.68970,134506.10070
20211222,11470,양천구,383201.86940,376361.30080,5059.73060,1780.83800,409098.49010,350025.16400,359075.99040,400434.64000,155874.02480,29269.34280,68940.06180,57664.62020
20211222,11500,강서구,556715.96270,542096.57580,9277.78900,5341.59790,574602.93290,536372.46180,541049.23130,567906.48520,256620.95850,70686.20590,118410.11690,67524.63570
20211222,11530,구로구,424537.58320,388939.12260,30003.82270,5594.63790,437100.47490,409843.43590,417021.93940,429905.90030,212631.04780,66150.05700,75866.33380,70614.65700
20211222,11545,금천구,249939.39110,230757.11910,16276.44400,2905.82810,278696.08430,221734.23720,273954.30630,232785.88030,170578.54800,64265.66970,47344.60450,58968.27380
20211222,11560,영등포구,523573.79470,481978.21360,37712.16880,3883.41230,589881.26550,460217.17480,580722.32450,482753.41630,361180.20210,96347.34530,93362.78590,171470.07090
20211222,11590,동작구,392903.25410,376820.59470,13410.28510,2672.37430,423765.53160,355873.69930,363676.71670,413779.35220,166054.04370,31202.51420,67172.95220,67678.57730
20211222,11620,관악구,483427.49670,460680.03310,19744.84420,3002.61940,534499.86250,421732.08340,434403.45650,518444.66830,196296.43900,33883.15610,103590.62810,58822.65480
20211222,11650,서초구,602874.09030,583457.94810,13888.65830,5527.48390,720586.86750,487585.35410,701902.33860,532139.62720,436906.42330,142064.21930,83508.44820,211333.75580
20211222,11680,강남구,877169.14370,847205.43720,20653.61060,9310.09590,1120643.43090,672669.72420,1071158.73040,738605.15320,697141.02550,221245.93770,128465.39430,347429.69350
20211222,11710,송파구,765314.92900,746481.35940,13777.03170,5056.53790,778406.81610,754898.36500,772008.02420,760534.14680,393875.39110,115158.11070,154295.59550,124421.68490
20211222,11740,강동구,513549.00780,503050.94110,8939.21850,1558.84830,549461.93040,470713.51330,479490.26680,537876.68000,241656.05630,49191.49500,144394.11470,48070.44660
20211221,11000,서울시,10933450.60000,10465782.91980,376209.95390,91457.72630,11276360.02600,10612608.73950,11219752.91190,10728948.94860,6100630.67970,1476959.65760,2102079.50100,2521591.52110
20211221,11110,종로구,297753.36320,279763.78300,14903.86860,3085.71160,400502.23510,219768.28700,373885.11940,243373.53740,264924.68010,66294.69450,31655.49950,166974.48610
20211221,11140,중구,304770.85110,275745.12570,18409.52640,10616.19910,443050.25510,196226.13680,412311.11110,227956.37970,318495.49970,84043.20660,30639.69300,203812.60010
20211221,11170,용산구,303215.90760,283093.04230,16800.71240,3322.15280,329043.52560,275697.48760,325421.13280,287355.03240,186245.53530,49716.78540,46061.54570,90467.20420
20211221,11200,성동구,373649.35900,354487.83780,15805.18340,3356.33780,398339.20380,346113.76060,394507.30860,358750.82360,223881.26020,45561.57090,60676.53900,117643.15030
20211221,11215,광진구,374284.16020,351307.14760,20041.49800,2935.51460,392153.12200,347715.86700,355587.72820,387638.75460,172373.25150,32043.12630,76510.31370,63819.81150
20211221,11230,동대문구,373357.85550,345632.28320,24279.20550,3446.36680,383828.13610,359810.64540,368565.67060,376780.84480,183898.39600,31159.14190,72915.47180,79823.78230
20211221,11260,중랑구,352984.48850,346482.35180,5705.30790,796.82890,387243.88720,312440.83990,321162.27900,375714.63820,155769.29540,25068.55640,91878.72490,38822.01410
20211221,11290,성북구,429523.81390,411792.40040,14955.51450,2775.89890,458444.24950,395139.17040,402125.29270,449094.18610,176288.66430,21902.13010,84685.56210,69700.97210
20211221,11305,강북구,292257.43800,286834.68080,4671.10160,751.65560,317139.47080,266445.51560,271093.87920,307374.26580,179882.83660,12591.09090,119744.15750,47547.58820
20211221,11320,도봉구,273724.74350,270385.82140,2835.15380,503.76830,295615.25440,247749.14220,252477.18340,288901.57220,131648.16950,17671.58750,73709.74840,40266.83360
20211221,11350,노원구,504354.93740,497885.10640,5325.35020,1144.48080,540512.80610,463482.98520,471261.06050,527993.42090,205003.97350,34705.75640,116191.01990,54107.19720
20211221,11380,은평구,436228.59950,429218.27780,5729.04450,1281.27720,484609.57390,379055.31440,391004.72160,468531.36950,165573.52270,29830.04120,99703.72430,36039.75720
20211221,11410,서대문구,380353.94940,357267.00870,18659.03470,4427.90600,397417.36290,370905.02280,389553.15180,373783.09050,219190.22970,45000.96680,71501.96340,102687.29950
20211221,11440,마포구,471388.81100,445664.78060,19456.99810,6267.03230,515062.25100,435426.55330,501107.47300,450161.19530,283126.13680,73496.91760,77396.60520,132232.61400
20211221,11470,양천구,382567.41770,375791.18750,5157.77870,1618.45150,408644.98420,348449.46880,357704.42930,400326.69520,154558.29520,28849.02410,68641.97040,57067.30070
20211221,11500,강서구,555771.86780,541817.15310,9241.47270,4713.24200,574704.30090,534067.84160,539934.55950,567084.23080,255515.63370,70597.37820,118013.95840,66904.29710
20211221,11530,구로구,424941.99600,389450.34840,29984.66090,5506.98660,435264.47050,412521.33240,419274.11070,428990.48550,214083.76190,66475.05970,76024.55360,71584.14860
20211221,11545,금천구,250327.08470,231167.56590,16340.68340,2818.83530,279604.12080,221392.33810,275185.42490,232571.12730,170970.54920,64379.67610,47045.65440,59545.21870
20211221,11560,영등포구,524138.91530,481969.57350,37799.72390,4369.61800,593205.48070,460939.59460,582149.76610,482702.59340,361889.66090,96542.27310,92934.38740,172413.00040
20211221,11590,동작구,393678.55370,377461.33290,13463.24900,2753.97180,423462.01300,357946.31230,364679.82310,414391.93280,167064.30480,31002.20130,68054.31700,68007.78650
20211221,11620,관악구,482549.02480,459538.19970,19844.98690,3165.83820,533605.10860,420396.53610,433367.19420,517678.90370,194394.20480,32973.75680,103666.45980,57753.98820
20211221,11650,서초구,602509.78670,583076.69380,13716.03130,5717.06160,721270.63510,486429.17530,702999.96060,530731.09110,436741.84330,141528.92320,82987.23510,212225.68500
20211221,11680,강남구,871184.66320,841012.81170,20492.20600,9679.64550,1111739.46450,667707.62290,1063696.97780,733675.86710,689853.31520,218936.95490,127349.82090,343566.53940
20211221,11710,송파구,764133.29120,745615.53360,13602.17500,4915.58260,776720.06820,752952.55010,769957.89930,759972.85690,389658.97450,112924.04800,153861.70460,122873.22190
20211221,11740,강동구,513799.72100,503322.87210,8989.48640,1487.36250,549071.03570,472959.18900,480739.65460,537414.05410,242256.51770,49396.61850,144064.99000,48794.90920
20211220,11000,서울시,10918515.47200,10445743.34850,378275.21630,94496.90720,11260014.00830,10607716.29210,11203987.87290,10714606.61430,6038919.56940,1452242.31050,2108085.41990,2478591.83900
20211220,11110,종로구,292805.55980,274734.03820,14989.47120,3082.05040,394872.27500,216234.36930,368015.11160,239084.45130,259570.41620,64783.01690,31591.87870,163195.52060
20211220,11140,중구,300489.08890,270309.50850,18533.28630,11646.29400,437887.01650,193329.77120,407546.78790,224019.30380,313214.30010,82422.54290,31096.90440,199694.85280
20211220,11170,용산구,301463.80230,281043.47810,16826.46290,3593.86140,324440.41540,276791.90810,321647.26690,287047.04200,182519.95440,47268.65160,46544.15510,88707.14770
20211220,11200,성동구,372405.31640,353055.58330,15880.45420,3469.27890,396885.28770,344919.87600,393286.77420,357489.98940,221955.09930,44700.98530,61171.50010,116082.61390
20211220,11215,광진구,373817.80820,350809.00910,20050.84340,2957.95570,391745.15850,347207.86040,355045.01180,387226.94850,170375.12430,31941.83080,76549.01900,61884.27450
20211220,11230,동대문구,375857.95240,347243.43140,24525.86140,4088.65950,384805.85190,363907.12700,372735.10370,378088.55850,186133.25400,31866.25690,73850.70920,80416.28790
20211220,11260,중랑구,355211.05250,348691.84320,5723.09730,796.11200,390419.96310,315212.07640,323586.10590,377800.30010,156582.44200,25299.34640,92896.10300,38386.99260
20211220,11290,성북구,432314.12210,413742.58120,15329.07700,3242.46390,460903.15520,398951.40830,405304.56950,451606.65970,175035.62320,21240.82690,84381.82670,69412.96960
20211220,11305,강북구,293581.02010,288185.29480,4671.79310,723.93220,319662.51580,267632.25320,272437.67070,308683.41260,180093.01780,12405.23620,120105.54820,47582.23340
20211220,11320,도봉구,274911.57640,271692.67800,2812.78500,406.11340,298679.33360,247448.91890,253257.58230,290378.71500,130832.99700,17194.41760,74199.12920,39439.45020
20211220,11350,노원구,506627.65440,500276.96360,5356.75730,993.93360,543813.32560,464390.22590,473522.54540,530274.16090,202339.90870,34071.73370,115330.13950,52938.03550
20211220,11380,은평구,438763.51360,431599.55710,5742.44540,1421.51100,487922.75070,382792.80490,394175.45030,470612.13020,165899.79420,30350.85390,100264.43850,35284.50180
20211220,11410,서대문구,379563.32110,356206.93980,18849.93670,4506.44470,393313.22000,370532.11020,388246.77050,373360.85720,215345.39300,43186.80920,71934.80260,100223.78120
20211220,11440,마포구,468495.45540,443306.94020,19080.01750,6108.49770,507523.86100,434448.14350,496414.92270,448552.97880,277986.43480,71107.46130,77166.92280,129712.05070
20211220,11470,양천구,384032.42290,377199.78190,5171.71260,1660.92840,410539.97640,350466.45730,359674.56480,401430.89290,154591.71150,28137.43410,69508.28120,56945.99620
20211220,11500,강서구,557227.17250,543474.64940,9328.34460,4424.17850,573988.21290,537522.35130,542455.83020,567778.13140,254644.12950,70461.32880,117592.35540,66590.44530
20211220,11530,구로구,426910.86930,390040.37080,30767.50330,6102.99520,436444.52390,414919.10960,421517.60780,430763.19900,213136.70400,65912.58770,76307.26460,70916.85170
20211220,11545,금천구,251048.86570,231571.29580,16552.54640,2925.02360,281723.93980,221768.91590,276680.75100,232740.37620,170840.10780,64438.01720,47153.00910,59249.08150
20211220,11560,영등포구,522459.16570,479159.22140,38191.02680,5108.91750,592542.26560,458309.73360,581563.19090,480242.00490,360108.43370,96035.91330,93744.85750,170327.66290
20211220,11590,동작구,394590.78820,378173.33530,13619.36410,2798.08880,424675.40350,358893.09010,366105.88800,414937.14540,165067.20260,30547.57660,68071.49780,66448.12820
20211220,11620,관악구,484731.51410,461028.56710,20275.21530,3427.73180,535345.27570,423852.25610,436341.22370,519296.00730,193511.69270,32569.33500,103810.30240,57132.05530
20211220,11650,서초구,594519.22440,575633.47070,13298.85120,5586.90250,713442.70970,479452.72610,694301.67980,523246.04190,428358.13070,138766.51600,82643.06240,206948.55230
20211220,11680,강남구,856665.40180,827279.19910,20075.84450,9310.35820,1089821.27270,656159.58140,1046260.61200,721240.25170,671811.78480,212010.35510,126343.02630,333458.40340
20211220,11710,송파구,763164.87910,744809.68380,13610.93550,4744.25990,775128.36440,752104.34110,770581.38440,757867.37540,384766.25350,111717.06790,151689.27640,121359.90920
20211220,11740,강동구,516857.92470,506475.92680,9011.58350,1370.41440,552392.43880,474773.05260,483283.46700,540839.68030,241204.39980,49038.78270,144309.00900,47856.60810
20211219,11000,서울시,10612668.88070,10135214.22090,385556.04970,91898.61010,10757122.79300,10480578.97990,10686576.71960,10559877.56720,4364342.02770,924280.25390,1984919.13020,1455142.64360
20211219,11110,종로구,241587.91050,223874.28640,14805.52930,2908.09480,291073.99210,216072.30580,268529.64150,222343.81690,153273.47160,38922.92790,28447.81220,85902.73150
20211219,11140,중구,219532.12570,191648.77870,16513.66480,11369.68210,262177.17430,187483.45540,247734.87840,199387.30230,148071.13960,37986.11260,28846.44030,81238.58670
20211219,11170,용산구,294445.21970,273138.29330,17980.91470,3326.01170,316031.20130,277853.71740,308805.42920,284187.92730,141244.56770,37658.10220,43195.86690,60390.59860
20211219,11200,성동구,348364.86030,329470.06080,15538.27220,3356.52730,355855.08830,340567.93490,351449.46230,346161.57310,147067.29400,26371.62570,57944.84350,62750.82480
20211219,11215,광진구,383948.97460,359262.32690,21498.38980,3188.25790,391454.53810,375463.63970,380807.99380,386192.53230,146655.81060,28118.42070,72113.95830,46423.43160
20211219,11230,동대문구,373493.65820,344605.74380,24946.40790,3941.50650,379657.33750,364658.82370,370510.75750,375624.30160,144827.41890,22898.45130,70040.44620,51888.52140
20211219,11260,중랑구,378148.25460,371164.88690,6081.21790,902.14970,389225.83160,363504.54390,368654.60960,384929.42960,141994.67990,22254.69960,86417.30910,33322.67120
20211219,11290,성북구,446038.77470,427679.84500,15288.10250,3070.82720,459513.56390,426306.02010,434977.66860,453939.56480,149006.77010,20510.83160,79237.25160,49258.68690
20211219,11305,강북구,309885.78310,304326.55390,4883.57340,675.65580,319245.23470,298083.51700,301885.61790,315600.18680,170588.07750,12547.58150,119094.73010,38945.76590
20211219,11320,도봉구,291796.71080,288585.39430,2758.49500,452.82150,300093.43740,283071.80500,286906.89500,295289.43630,122396.00910,17253.24490,68686.60550,36456.15870
20211219,11350,노원구,528709.47770,522324.88220,5352.87060,1031.72500,543339.07630,514282.04650,519329.26040,535409.63300,186292.36100,29523.38560,112027.31740,44741.65800
20211219,11380,은평구,467040.55230,459708.26300,5837.85680,1494.43260,486945.82820,440069.06350,450123.17590,479124.39260,152132.77630,26913.30580,93507.65390,31711.81660
20211219,11410,서대문구,366991.97830,344143.82860,18795.93570,4052.21410,372208.44570,360216.13540,363852.69680,369234.32230,152770.07690,25807.81370,68357.54470,58604.71850
20211219,11440,마포구,452586.36540,426535.45880,19241.94270,6808.96380,484404.67760,433673.33140,466545.44400,442615.59500,206994.55320,47645.32110,71372.61640,87976.61570
20211219,11470,양천구,398836.39420,392262.84530,5029.01690,1544.53200,411132.20300,387940.47690,393456.67730,402679.04920,139723.31650,24062.20730,67678.48940,47982.61980
20211219,11500,강서구,562002.28060,549024.98000,9241.94640,3735.35430,572733.88030,551851.09930,556494.94110,565936.09460,202012.50130,49335.41960,108156.91900,44520.16270
20211219,11530,구로구,429646.45120,387199.82180,36488.53730,5958.09210,437609.49900,422179.08870,427260.16470,431350.94170,162686.04020,46093.79780,72257.06800,44335.17440
20211219,11545,금천구,226719.03640,205882.75910,18123.62580,2712.65150,231833.06560,221693.80760,227717.48440,226005.85920,97602.84650,27953.35980,44208.52450,25440.96220
20211219,11560,영등포구,480023.38740,431272.65870,43948.69940,4802.02920,514233.43890,454700.28700,502021.22510,464310.64620,236684.63970,57092.54400,89080.90910,90511.18660
20211219,11590,동작구,404163.11850,387307.39170,14012.79840,2842.92840,424395.70390,384652.57580,391408.74520,413273.38520,137924.65000,24102.23200,64487.63560,49334.78240
20211219,11620,관악구,510844.75870,485525.19980,22192.66780,3126.89120,532676.90750,486352.86980,495089.96620,522098.18200,173274.40350,30990.17610,94332.68560,47951.54180
20211219,11650,서초구,507591.12810,491710.42200,10626.29570,5254.41040,548413.10690,468907.85270,536328.38560,487064.51570,241598.92400,67455.53020,78083.63500,96059.75880
20211219,11680,강남구,700130.71240,676751.45960,14197.55680,9181.69600,766937.87470,647226.11760,746056.67600,667326.45270,331386.50510,92607.14280,107313.44640,131465.91590
20211219,11710,송파구,756333.57190,738315.27540,13074.31060,4943.98590,785515.43800,736537.90000,769459.26270,746958.07850,306987.78020,81727.04980,144115.93690,81144.79350
20211219,11740,강동구,533807.39530,523492.80490,9097.42130,1217.16910,550578.60240,513086.54990,521169.66070,542834.34860,210571.01400,37175.00740,141380.70190,32015.30470
